"StudentID","SubmissionID","MarkerID","Publish.Time","Intro","Hypoth","Methods","Results.text","Fig.Tables","Legend.Title","Disc.InterpFindings","Disc.IntegrateLit","Refs","Kn.PhysMechs","Kn.ExpApproach","W.Structure","W.LanguageJargon","W.GrammarSpelling","Final.Grade","project","course","sem","report"
"S8405073",3143,"T19","29/04/13 14:26",50,65,100,65,65,80,50,50,50,65,65,65,50,"65",63.25,"BIOM2011Sem1Report 1","BIOM2011","Sem1","Report 1"
"S8581505",3144,"T09","30/04/13 17:02",35,35,80,20,50,20,35,35,65,35,35,65,35,"50",42.5,"BIOM2011Sem1Report 1","BIOM2011","Sem1","Report 1"
"S8579547",3146,"T08","29/04/13 14:26",65,80,80,100,65,80,80,80,80,80,80,65,80,"80",78,"BIOM2011Sem1Report 1","BIOM2011","Sem1","Report 1"
"S8593529",3147,"T19","29/04/13 14:26",50,65,65,65,80,50,50,20,80,50,50,65,65,"80",56,"BIOM2011Sem1Report 1","BIOM2011","Sem1","Report 1"
"S8580209",3149,"T19","29/04/13 14:26",80,65,80,80,80,80,80,20,80,80,65,65,80,"65",71,"BIOM2011Sem1Report 1","BIOM2011","Sem1","Report 1"
"S8576851",3150,"T19","29/04/13 14:26",65,65,65,65,80,65,65,35,65,65,65,65,65,"80",63.5,"BIOM2011Sem1Report 1","BIOM2011","Sem1","Report 1"
"S8591893",3152,"T28","29/04/13 14:26",35,100,100,65,80,100,50,20,100,35,50,80,80,"100",63.5,"BIOM2011Sem1Report 1","BIOM2011","Sem1","Report 1"
"S8585921",3153,"T29","10/05/13 11:43",35,65,65,35,50,50,50,35,35,35,35,50,35,"65",44.75,"BIOM2011Sem1Report 1","BIOM2011","Sem1","Report 1"
"S8517001",3154,"T08","29/04/13 14:26",50,80,65,80,80,100,50,65,65,50,65,65,65,"50",63,"BIOM2011Sem1Report 1","BIOM2011","Sem1","Report 1"
"S8583053",3156,"T29","29/04/13 14:26",35,65,35,65,65,50,35,20,50,35,50,50,65,"65",44,"BIOM2011Sem1Report 1","BIOM2011","Sem1","Report 1"
"S8401725",3157,"T29","29/04/13 14:26",65,80,65,80,80,80,80,50,80,65,65,80,80,"80",71,"BIOM2011Sem1Report 1","BIOM2011","Sem1","Report 1"
"S8581571",3158,"T19","29/04/13 14:26",65,100,65,65,80,80,65,35,65,65,65,65,65,"65",65.25,"BIOM2011Sem1Report 1","BIOM2011","Sem1","Report 1"
"S8579225",3159,"T19","29/04/13 14:26",65,100,80,80,100,80,80,80,65,80,65,65,65,"50",76,"BIOM2011Sem1Report 1","BIOM2011","Sem1","Report 1"
"S8518663",3160,"T09","30/04/13 10:44",50,80,65,20,65,65,50,35,80,35,20,50,65,"50",50,"BIOM2011Sem1Report 1","BIOM2011","Sem1","Report 1"
"S8579745",3162,"T09","30/04/13 10:44",20,80,80,20,50,20,50,35,35,35,20,65,20,"50",41.75,"BIOM2011Sem1Report 1","BIOM2011","Sem1","Report 1"
"S8578757",3164,"T19","29/04/13 14:26",50,65,50,65,80,65,65,50,35,65,35,50,50,"65",56.75,"BIOM2011Sem1Report 1","BIOM2011","Sem1","Report 1"
"S8575925",3165,"T29","29/04/13 14:26",50,80,65,65,65,65,50,50,50,35,50,35,50,"35",51.5,"BIOM2011Sem1Report 1","BIOM2011","Sem1","Report 1"
"S8523045",3166,"T09","30/04/13 10:44",80,100,80,20,50,50,50,35,80,65,65,80,20,"50",60,"BIOM2011Sem1Report 1","BIOM2011","Sem1","Report 1"
"S8593279",3167,"T19","29/04/13 14:26",65,80,80,65,100,100,65,50,35,65,65,65,65,"65",67.75,"BIOM2011Sem1Report 1","BIOM2011","Sem1","Report 1"
"S8581241",3168,"T29","29/04/13 14:29",35,80,65,50,80,80,0,0,20,20,35,20,50,"65",37,"BIOM2011Sem1Report 1","BIOM2011","Sem1","Report 1"
"S8607681",3169,"T08","29/04/13 14:26",35,80,65,65,80,80,50,50,35,20,65,50,50,"65",51.5,"BIOM2011Sem1Report 1","BIOM2011","Sem1","Report 1"
"S8580869",3170,"T29","29/04/13 14:26",35,65,50,50,80,50,50,35,50,35,50,50,35,"50",46.25,"BIOM2011Sem1Report 1","BIOM2011","Sem1","Report 1"
"S8568197",3171,"T08","29/04/13 14:29",65,65,80,65,65,100,50,35,50,50,50,50,35,"35",56.25,"BIOM2011Sem1Report 1","BIOM2011","Sem1","Report 1"
"S8575039",3173,"T19","29/04/13 14:26",65,65,80,80,80,80,80,65,80,80,65,65,65,"80",74,"BIOM2011Sem1Report 1","BIOM2011","Sem1","Report 1"
"S8585693",3174,"T19","29/04/13 14:26",50,80,50,65,100,80,65,20,50,50,50,50,65,"65",56.25,"BIOM2011Sem1Report 1","BIOM2011","Sem1","Report 1"
"S8588015",3175,"T29","29/04/13 14:26",35,50,50,20,35,35,35,20,35,35,20,50,50,"35",35.75,"BIOM2011Sem1Report 1","BIOM2011","Sem1","Report 1"
"S8469129",3176,"T09","30/04/13 10:44",65,100,80,65,35,80,50,50,80,50,20,80,50,"65",60.75,"BIOM2011Sem1Report 1","BIOM2011","Sem1","Report 1"
"S8583641",3177,"T19","29/04/13 14:26",50,65,80,80,80,80,65,65,80,80,65,65,65,"80",71,"BIOM2011Sem1Report 1","BIOM2011","Sem1","Report 1"
"S8475961",3179,"T29","29/04/13 14:29",50,80,65,50,80,65,50,0,50,35,35,65,65,"65",49.5,"BIOM2011Sem1Report 1","BIOM2011","Sem1","Report 1"
"S8584077",3180,"T19","29/04/13 14:26",65,65,80,80,100,80,65,65,65,65,65,65,65,"80",70.5,"BIOM2011Sem1Report 1","BIOM2011","Sem1","Report 1"
"S8602821",3181,"T29","29/04/13 14:26",35,65,50,50,50,35,35,20,50,35,35,50,20,"35",38.75,"BIOM2011Sem1Report 1","BIOM2011","Sem1","Report 1"
"S8584681",3182,"T29","29/04/13 14:26",35,50,50,35,35,35,35,20,35,35,35,50,50,"50",38,"BIOM2011Sem1Report 1","BIOM2011","Sem1","Report 1"
"S8587705",3183,"T28","29/04/13 14:26",65,100,50,65,80,100,100,65,80,100,80,65,80,"100",80.5,"BIOM2011Sem1Report 1","BIOM2011","Sem1","Report 1"
"S8583385",3184,"T28","29/04/13 14:26",65,100,80,65,80,100,20,20,20,50,65,80,80,"80",59.5,"BIOM2011Sem1Report 1","BIOM2011","Sem1","Report 1"
"S8586507",3185,"T08","29/04/13 14:26",50,80,80,80,65,100,65,65,65,50,80,80,80,"80",69,"BIOM2011Sem1Report 1","BIOM2011","Sem1","Report 1"
"S8580593",3186,"T28","29/04/13 14:26",50,100,80,65,80,100,65,50,65,65,50,100,100,"80",71.25,"BIOM2011Sem1Report 1","BIOM2011","Sem1","Report 1"
"S8587651",3187,"T09","30/04/13 10:41",35,35,80,20,50,20,35,50,50,35,20,50,20,"20",39.5,"BIOM2011Sem1Report 1","BIOM2011","Sem1","Report 1"
"S8580967",3188,"T19","29/04/13 14:26",35,80,65,65,80,65,65,35,80,65,65,65,65,"65",61.25,"BIOM2011Sem1Report 1","BIOM2011","Sem1","Report 1"
"S8586727",3190,"T09","30/04/13 10:44",50,100,80,20,50,20,50,50,50,35,20,65,50,"50",49.5,"BIOM2011Sem1Report 1","BIOM2011","Sem1","Report 1"
"S8579223",3192,"T29","29/04/13 14:26",50,50,50,50,50,65,50,35,50,35,35,35,35,"50",44.75,"BIOM2011Sem1Report 1","BIOM2011","Sem1","Report 1"
"S8587977",3193,"T28","29/04/13 14:26",65,100,100,65,100,100,65,80,80,65,80,80,80,"100",80,"BIOM2011Sem1Report 1","BIOM2011","Sem1","Report 1"
"S8580159",3194,"T08","29/04/13 14:26",35,50,80,100,100,80,50,65,65,50,80,80,65,"65",64.75,"BIOM2011Sem1Report 1","BIOM2011","Sem1","Report 1"
"S8586949",3195,"T19","29/04/13 14:26",65,100,65,65,80,80,50,35,50,65,65,65,65,"80",63.75,"BIOM2011Sem1Report 1","BIOM2011","Sem1","Report 1"
"S8492693",3196,"T08","29/04/13 14:26",35,80,80,80,100,80,65,50,65,50,80,35,50,"65",62.25,"BIOM2011Sem1Report 1","BIOM2011","Sem1","Report 1"
"S8577723",3197,"T29","29/04/13 14:26",50,65,50,35,65,35,50,35,50,35,35,50,35,"50",44.75,"BIOM2011Sem1Report 1","BIOM2011","Sem1","Report 1"
"S8288655",3198,"T09","30/04/13 17:02",80,100,65,20,80,65,20,35,100,65,35,80,65,"35",58.75,"BIOM2011Sem1Report 1","BIOM2011","Sem1","Report 1"
"S8574911",3199,"T09","30/04/13 10:44",35,80,65,65,50,50,50,35,35,35,20,65,50,"65",47.75,"BIOM2011Sem1Report 1","BIOM2011","Sem1","Report 1"
"S8456363",3200,"T09","30/04/13 10:44",20,65,35,0,35,35,20,20,50,0,20,50,20,"20",24.25,"BIOM2011Sem1Report 1","BIOM2011","Sem1","Report 1"
"S8585503",3201,"T08","29/04/13 14:29",35,80,80,100,100,100,100,100,100,80,100,100,65,"80",84.75,"BIOM2011Sem1Report 1","BIOM2011","Sem1","Report 1"
"S8582201",3202,"T29","29/04/13 14:26",35,65,50,35,50,20,20,35,50,35,35,20,20,"50",36.5,"BIOM2011Sem1Report 1","BIOM2011","Sem1","Report 1"
"S8524901",3203,"T05","29/04/13 14:26",50,100,80,65,100,100,65,65,80,65,65,80,80,"80",73.25,"BIOM2011Sem1Report 1","BIOM2011","Sem1","Report 1"
"S8530189",3204,"T25","30/04/13 10:44",65,100,100,65,100,100,65,65,100,65,65,65,65,"100",77.25,"BIOM2011Sem1Report 1","BIOM2011","Sem1","Report 1"
"S8556233",3205,"T25","29/04/13 14:26",50,80,100,65,100,100,50,65,100,65,65,80,80,"100",74.75,"BIOM2011Sem1Report 1","BIOM2011","Sem1","Report 1"
"S8563805",3206,"T05","29/04/13 14:26",20,65,50,100,100,80,20,20,20,20,20,100,65,"20",42.5,"BIOM2011Sem1Report 1","BIOM2011","Sem1","Report 1"
"S8535705",3207,"T05","29/04/13 14:26",35,100,80,100,100,100,50,35,100,50,80,65,80,"80",67.75,"BIOM2011Sem1Report 1","BIOM2011","Sem1","Report 1"
"S8525291",3208,"T30","29/04/13 14:26",35,100,80,65,50,80,50,50,50,35,50,65,50,"50",54.75,"BIOM2011Sem1Report 1","BIOM2011","Sem1","Report 1"
"S8580223",3209,"T05","29/04/13 14:26",35,100,80,100,100,100,50,35,80,65,35,65,65,"80",66,"BIOM2011Sem1Report 1","BIOM2011","Sem1","Report 1"
"S8563733",3210,"T05","29/04/13 14:26",50,80,65,65,80,100,50,50,65,50,65,65,50,"50",60,"BIOM2011Sem1Report 1","BIOM2011","Sem1","Report 1"
"S8566867",3211,"T31","29/04/13 14:26",50,100,35,35,65,20,50,65,50,50,65,80,35,"50",52.5,"BIOM2011Sem1Report 1","BIOM2011","Sem1","Report 1"
"S8525047",3212,"T30","29/04/13 14:26",50,100,80,65,50,35,50,35,50,35,35,50,50,"65",51.75,"BIOM2011Sem1Report 1","BIOM2011","Sem1","Report 1"
"S8575977",3213,"T31","29/04/13 14:26",50,65,80,35,50,80,65,65,80,65,80,80,65,"50",65,"BIOM2011Sem1Report 1","BIOM2011","Sem1","Report 1"
"S8527477",3214,"T30","29/04/13 14:26",65,100,50,65,100,35,65,65,65,65,65,65,65,"65",65.5,"BIOM2011Sem1Report 1","BIOM2011","Sem1","Report 1"
"S8354115",3216,"T25","29/04/13 14:26",65,100,100,80,100,100,65,65,65,65,65,50,80,"100",76.25,"BIOM2011Sem1Report 1","BIOM2011","Sem1","Report 1"
"S8576993",3217,"T05","29/04/13 14:26",50,100,80,100,100,100,65,65,100,65,65,65,80,"80",75.25,"BIOM2011Sem1Report 1","BIOM2011","Sem1","Report 1"
"S8586659",3218,"T31","29/04/13 14:26",50,80,65,100,100,80,50,50,50,50,80,80,65,"80",64.75,"BIOM2011Sem1Report 1","BIOM2011","Sem1","Report 1"
"S8530473",3220,"T05","29/04/13 14:26",35,100,80,80,80,100,35,20,80,35,50,65,80,"80",58,"BIOM2011Sem1Report 1","BIOM2011","Sem1","Report 1"
"S8578911",3221,"T28","29/04/13 14:26",65,80,65,65,50,50,80,100,80,100,65,35,80,"80",75.25,"BIOM2011Sem1Report 1","BIOM2011","Sem1","Report 1"
"S8515233",3223,"T25","29/04/13 14:26",100,80,80,80,100,100,80,80,100,80,65,65,100,"100",85.5,"BIOM2011Sem1Report 1","BIOM2011","Sem1","Report 1"
"S8579793",3224,"T28","29/04/13 14:26",50,80,65,80,80,65,100,80,50,100,65,65,80,"80",76.75,"BIOM2011Sem1Report 1","BIOM2011","Sem1","Report 1"
"S8595075",3225,"T05","29/04/13 14:29",65,65,65,80,100,100,65,35,80,65,50,65,50,"80",66.25,"BIOM2011Sem1Report 1","BIOM2011","Sem1","Report 1"
"S8581785",3228,"T31","29/04/13 14:26",80,100,65,35,65,50,65,65,80,65,35,80,65,"80",66.75,"BIOM2011Sem1Report 1","BIOM2011","Sem1","Report 1"
"S8582651",3229,"T05","29/04/13 14:26",50,100,80,80,100,100,50,35,50,50,50,50,50,"50",60.5,"BIOM2011Sem1Report 1","BIOM2011","Sem1","Report 1"
"S8516021",3230,"T25","30/04/13 10:44",50,100,100,50,100,100,65,65,65,65,65,65,100,"100",75,"BIOM2011Sem1Report 1","BIOM2011","Sem1","Report 1"
"S8358653",3231,"T25","30/04/13 10:44",100,100,80,80,100,100,50,65,100,50,65,20,65,"100",73.5,"BIOM2011Sem1Report 1","BIOM2011","Sem1","Report 1"
"S8575753",3232,"T28","29/04/13 14:26",100,80,65,65,80,80,50,65,80,80,65,50,80,"80",73,"BIOM2011Sem1Report 1","BIOM2011","Sem1","Report 1"
"S8581667",3233,"T25","30/04/13 10:38",80,100,100,50,100,100,65,80,100,65,65,80,100,"100",82,"BIOM2011Sem1Report 1","BIOM2011","Sem1","Report 1"
"S8542919",3234,"T31","29/04/13 14:26",35,100,80,100,80,100,35,50,50,65,50,35,65,"65",62,"BIOM2011Sem1Report 1","BIOM2011","Sem1","Report 1"
"S8576175",3235,"T30","29/04/13 14:26",100,80,80,100,65,80,65,65,65,50,50,50,65,"50",68.75,"BIOM2011Sem1Report 1","BIOM2011","Sem1","Report 1"
"S8579423",3236,"T28","29/04/13 14:26",100,80,65,80,50,50,80,80,80,100,65,50,80,"80",78.25,"BIOM2011Sem1Report 1","BIOM2011","Sem1","Report 1"
"S8579733",3237,"T31","29/04/13 14:29",35,80,50,20,50,80,20,35,35,20,35,80,20,"50",39.5,"BIOM2011Sem1Report 1","BIOM2011","Sem1","Report 1"
"S8581945",3238,"T28","29/04/13 14:26",50,100,65,65,80,80,50,65,80,50,65,100,80,"80",67,"BIOM2011Sem1Report 1","BIOM2011","Sem1","Report 1"
"S8548067",3239,"T31","29/04/13 14:29",20,80,50,0,20,0,20,20,20,20,0,20,20,"20",23,"BIOM2011Sem1Report 1","BIOM2011","Sem1","Report 1"
"S8458723",3240,"T25","29/04/13 14:26",50,80,100,80,100,100,80,65,50,65,65,80,80,"100",76,"BIOM2011Sem1Report 1","BIOM2011","Sem1","Report 1"
"S8467117",3241,"T31","29/04/13 14:26",50,65,50,65,50,50,20,35,35,35,50,80,50,"65",46.25,"BIOM2011Sem1Report 1","BIOM2011","Sem1","Report 1"
"S8636181",3242,"T31","29/04/13 14:29",50,80,80,50,50,50,20,20,20,50,35,65,65,"100",50.25,"BIOM2011Sem1Report 1","BIOM2011","Sem1","Report 1"
"S8581235",3243,"T05","29/04/13 14:26",20,65,50,65,35,35,50,50,100,50,65,50,80,"80",53.25,"BIOM2011Sem1Report 1","BIOM2011","Sem1","Report 1"
"S8578885",3244,"T31","29/04/13 14:26",80,100,80,100,100,100,80,50,35,80,80,80,80,"80",78.75,"BIOM2011Sem1Report 1","BIOM2011","Sem1","Report 1"
"S8550323",3245,"T30","29/04/13 14:26",35,80,35,35,50,35,35,35,35,35,35,50,50,"50",40.25,"BIOM2011Sem1Report 1","BIOM2011","Sem1","Report 1"
"S8587685",3246,"T30","29/04/13 14:26",65,100,65,80,50,100,65,80,80,80,65,50,65,"80",73,"BIOM2011Sem1Report 1","BIOM2011","Sem1","Report 1"
"S8576127",3247,"T25","29/04/13 14:26",50,80,100,65,100,100,65,65,80,65,65,35,65,"100",72.25,"BIOM2011Sem1Report 1","BIOM2011","Sem1","Report 1"
"S8585081",3248,"T31","29/04/13 14:26",50,80,65,65,80,80,65,35,65,65,80,65,65,"50",62.75,"BIOM2011Sem1Report 1","BIOM2011","Sem1","Report 1"
"S8522963",3249,"T05","29/04/13 14:29",65,100,65,100,100,100,50,50,100,50,35,65,65,"80",67.75,"BIOM2011Sem1Report 1","BIOM2011","Sem1","Report 1"
"S8588375",3250,"T31","29/04/13 14:26",80,100,65,65,65,80,80,65,65,80,100,100,100,"80",78.75,"BIOM2011Sem1Report 1","BIOM2011","Sem1","Report 1"
"S8529621",3251,"T30","29/04/13 14:26",35,80,65,50,50,65,35,35,20,35,35,35,50,"50",44,"BIOM2011Sem1Report 1","BIOM2011","Sem1","Report 1"
"S8608903",3252,"T30","29/04/13 14:26",65,100,65,80,100,100,65,80,100,80,65,100,80,"80",79.75,"BIOM2011Sem1Report 1","BIOM2011","Sem1","Report 1"
"S8242993",3253,"T25","29/04/13 14:26",100,100,100,50,20,35,65,50,80,80,65,80,50,"65",70.75,"BIOM2011Sem1Report 1","BIOM2011","Sem1","Report 1"
"S8576295",3254,"T31","29/04/13 14:26",35,100,80,50,65,65,65,50,50,50,80,80,65,"65",61.5,"BIOM2011Sem1Report 1","BIOM2011","Sem1","Report 1"
"S8578535",3255,"T25","29/04/13 14:26",50,80,100,50,100,80,65,65,100,50,65,80,80,"100",72.25,"BIOM2011Sem1Report 1","BIOM2011","Sem1","Report 1"
"S8575171",3256,"T28","29/04/13 14:29",50,65,80,50,50,50,35,50,80,35,50,65,65,"80",54.5,"BIOM2011Sem1Report 1","BIOM2011","Sem1","Report 1"
"S8393733",3257,"T28","29/04/13 14:29",35,80,35,65,35,20,20,0,50,20,20,50,50,"80",34.5,"BIOM2011Sem1Report 1","BIOM2011","Sem1","Report 1"
"S8578403",3258,"T05","29/04/13 14:26",50,100,80,100,100,100,65,65,50,80,65,65,80,"80",75,"BIOM2011Sem1Report 1","BIOM2011","Sem1","Report 1"
"S8434511",3259,"T31","29/04/13 14:26",65,100,65,65,80,100,80,80,80,80,65,100,80,"80",78.5,"BIOM2011Sem1Report 1","BIOM2011","Sem1","Report 1"
"S8579313",3261,"T25","30/04/13 10:44",65,100,100,35,100,100,65,65,100,65,50,50,80,"100",75,"BIOM2011Sem1Report 1","BIOM2011","Sem1","Report 1"
"S8288857",3264,"T05","29/04/13 14:26",35,65,80,80,100,100,35,50,80,50,50,65,65,"80",61.75,"BIOM2011Sem1Report 1","BIOM2011","Sem1","Report 1"
"S8532305",3265,"T05","29/04/13 14:26",50,100,80,80,100,100,65,65,80,80,65,50,50,"50",71.75,"BIOM2011Sem1Report 1","BIOM2011","Sem1","Report 1"
"S8584217",3266,"T05","29/04/13 14:26",50,100,80,65,100,100,50,35,80,65,50,65,80,"80",67.25,"BIOM2011Sem1Report 1","BIOM2011","Sem1","Report 1"
"S8517757",3267,"T25","29/04/13 14:26",35,80,80,35,100,100,65,65,65,65,65,50,50,"100",66.5,"BIOM2011Sem1Report 1","BIOM2011","Sem1","Report 1"
"S8619531",3268,"T05","29/04/13 14:26",35,65,65,50,100,100,20,20,80,0,20,50,50,"80",43.75,"BIOM2011Sem1Report 1","BIOM2011","Sem1","Report 1"
"S8588221",3269,"T28","29/04/13 14:26",80,65,50,35,50,65,65,20,65,65,50,50,80,"65",57.5,"BIOM2011Sem1Report 1","BIOM2011","Sem1","Report 1"
"S8586403",3271,"T05","29/04/13 14:29",20,100,50,100,80,0,20,20,100,35,20,65,80,"80",47.5,"BIOM2011Sem1Report 1","BIOM2011","Sem1","Report 1"
"S8583305",3272,"T30","29/04/13 14:26",50,100,65,65,65,100,50,50,65,50,65,65,65,"65",61.75,"BIOM2011Sem1Report 1","BIOM2011","Sem1","Report 1"
"S8579073",3273,"T32","29/04/13 14:26",80,65,80,65,100,80,50,65,80,65,65,100,100,"80",74,"BIOM2011Sem1Report 1","BIOM2011","Sem1","Report 1"
"S8578821",3274,"T32","29/04/13 14:26",50,80,100,65,100,100,50,35,80,65,35,100,65,"100",69.5,"BIOM2011Sem1Report 1","BIOM2011","Sem1","Report 1"
"S8586437",3275,"T30","29/04/13 14:26",35,80,100,50,80,65,50,35,50,50,65,65,65,"65",58.75,"BIOM2011Sem1Report 1","BIOM2011","Sem1","Report 1"
"S8571187",3276,"T32","29/04/13 14:26",35,65,65,50,100,100,35,35,80,65,50,100,80,"100",63,"BIOM2011Sem1Report 1","BIOM2011","Sem1","Report 1"
"S8580595",3277,"T30","29/04/13 14:26",50,80,50,80,80,65,50,35,35,50,50,50,50,"50",53,"BIOM2011Sem1Report 1","BIOM2011","Sem1","Report 1"
"S8527661",3278,"T19","29/04/13 14:26",35,80,65,80,65,65,50,50,50,50,50,50,50,"80",56,"BIOM2011Sem1Report 1","BIOM2011","Sem1","Report 1"
"S8584785",3279,"T30","29/04/13 14:26",35,100,65,35,100,100,50,35,50,50,50,50,65,"65",56.75,"BIOM2011Sem1Report 1","BIOM2011","Sem1","Report 1"
"S8592795",3281,"T32","29/04/13 14:26",65,65,65,80,100,80,35,50,100,65,50,100,65,"80",67.25,"BIOM2011Sem1Report 1","BIOM2011","Sem1","Report 1"
"S8530961",3282,"T19","29/04/13 14:26",50,80,80,80,65,80,50,35,50,65,50,65,65,"65",61.25,"BIOM2011Sem1Report 1","BIOM2011","Sem1","Report 1"
"S8588339",3283,"T31","29/04/13 14:26",80,100,80,100,100,100,80,80,80,80,65,80,80,"80",83.25,"BIOM2011Sem1Report 1","BIOM2011","Sem1","Report 1"
"S8574613",3624,"T19","29/04/13 14:26",50,65,50,65,0,0,50,20,65,35,50,50,50,"65",42.75,"BIOM2011Sem1Report 1","BIOM2011","Sem1","Report 1"
"S8357111",3285,"T31","29/04/13 14:26",80,65,65,100,80,100,50,50,80,65,80,80,65,"80",70.75,"BIOM2011Sem1Report 1","BIOM2011","Sem1","Report 1"
"S8577309",3286,"T32","29/04/13 14:26",35,80,65,80,100,80,80,80,100,80,80,100,50,"65",74.75,"BIOM2011Sem1Report 1","BIOM2011","Sem1","Report 1"
"S8588449",3287,"T31","29/04/13 14:26",80,65,100,100,100,80,80,100,100,80,80,100,100,"100",89.25,"BIOM2011Sem1Report 1","BIOM2011","Sem1","Report 1"
"S8473277",3288,"T30","29/04/13 14:26",50,100,80,65,100,80,0,20,20,50,35,50,50,"50",50,"BIOM2011Sem1Report 1","BIOM2011","Sem1","Report 1"
"S8527279",3289,"T32","29/04/13 14:26",80,65,80,65,100,80,80,100,100,100,65,100,100,"100",87.75,"BIOM2011Sem1Report 1","BIOM2011","Sem1","Report 1"
"S8530361",3290,"T32","29/04/13 14:29",65,80,65,65,80,65,65,50,80,80,50,100,80,"80",70.5,"BIOM2011Sem1Report 1","BIOM2011","Sem1","Report 1"
"S8575311",3291,"T19","29/04/13 14:29",35,65,65,50,80,65,35,20,65,35,50,50,35,"80",47.75,"BIOM2011Sem1Report 1","BIOM2011","Sem1","Report 1"
"S8587633",3292,"T31","29/04/13 14:26",80,100,100,65,100,100,80,80,100,80,50,80,100,"80",84.75,"BIOM2011Sem1Report 1","BIOM2011","Sem1","Report 1"
"S8409797",3293,"T19","29/04/13 14:26",65,80,80,80,65,80,50,35,50,50,50,65,50,"80",60.5,"BIOM2011Sem1Report 1","BIOM2011","Sem1","Report 1"
"S8578397",3294,"T19","29/04/13 14:26",35,65,80,80,80,50,65,35,50,50,50,65,65,"65",57.5,"BIOM2011Sem1Report 1","BIOM2011","Sem1","Report 1"
"S8594143",3297,"T31","29/04/13 14:26",20,65,50,35,20,20,35,50,50,35,35,65,50,"50",40.25,"BIOM2011Sem1Report 1","BIOM2011","Sem1","Report 1"
"S8531381",3298,"T31","29/04/13 14:26",35,100,80,50,50,65,35,20,35,20,50,65,65,"80",48,"BIOM2011Sem1Report 1","BIOM2011","Sem1","Report 1"
"S8586153",3299,"T31","29/04/13 14:26",50,80,65,50,35,65,65,80,65,65,80,65,80,"65",65,"BIOM2011Sem1Report 1","BIOM2011","Sem1","Report 1"
"S8534409",3300,"T19","29/04/13 14:26",50,80,50,50,50,80,35,35,50,35,50,65,35,"50",47.75,"BIOM2011Sem1Report 1","BIOM2011","Sem1","Report 1"
"S8285971",3301,"T19","29/04/13 14:26",50,80,80,80,65,80,50,35,50,50,50,50,50,"65",57.5,"BIOM2011Sem1Report 1","BIOM2011","Sem1","Report 1"
"S8535021",3302,"T30","29/04/13 14:26",65,100,80,65,100,100,50,65,65,65,65,100,50,"65",71.25,"BIOM2011Sem1Report 1","BIOM2011","Sem1","Report 1"
"S8588741",3303,"T30","29/04/13 14:26",35,80,65,50,100,80,50,35,50,35,65,50,50,"65",53.25,"BIOM2011Sem1Report 1","BIOM2011","Sem1","Report 1"
"S8566849",3305,"T19","29/04/13 14:26",35,35,35,35,50,50,35,35,50,50,50,50,35,"35",41,"BIOM2011Sem1Report 1","BIOM2011","Sem1","Report 1"
"S8597903",3307,"T31","29/04/13 14:26",35,50,65,65,65,35,20,35,65,35,35,20,50,"65",43.25,"BIOM2011Sem1Report 1","BIOM2011","Sem1","Report 1"
"S8588255",3309,"T30","29/04/13 14:26",50,80,50,80,100,65,50,50,50,50,50,65,50,"65",57.75,"BIOM2011Sem1Report 1","BIOM2011","Sem1","Report 1"
"S8593265",3310,"T30","29/04/13 14:26",50,100,65,65,100,100,65,65,80,65,65,65,65,"65",69.5,"BIOM2011Sem1Report 1","BIOM2011","Sem1","Report 1"
"S8619457",3311,"T19","29/04/13 14:26",65,80,80,80,65,80,65,35,65,65,65,65,65,"80",66.5,"BIOM2011Sem1Report 1","BIOM2011","Sem1","Report 1"
"S8551691",3312,"T31","10/05/13 11:43",35,50,35,65,65,50,35,35,50,35,35,50,35,"50",41.75,"BIOM2011Sem1Report 1","BIOM2011","Sem1","Report 1"
"S8510981",3313,"T30","29/04/13 14:26",65,100,65,65,65,100,65,80,100,65,50,50,80,"65",71,"BIOM2011Sem1Report 1","BIOM2011","Sem1","Report 1"
"S8582195",3314,"T30","29/04/13 14:26",50,100,65,65,100,100,50,50,65,50,50,50,65,"65",62,"BIOM2011Sem1Report 1","BIOM2011","Sem1","Report 1"
"S8580303",3315,"T32","29/04/13 14:26",35,80,80,50,100,100,35,20,35,50,35,80,65,"100",56.75,"BIOM2011Sem1Report 1","BIOM2011","Sem1","Report 1"
"S8587235",3316,"T32","29/04/13 14:29",50,80,65,80,80,80,50,35,35,35,65,100,35,"35",54.75,"BIOM2011Sem1Report 1","BIOM2011","Sem1","Report 1"
"S8588893",3317,"T32","29/04/13 14:29",20,65,50,20,80,35,35,35,35,35,50,50,20,"35",38.75,"BIOM2011Sem1Report 1","BIOM2011","Sem1","Report 1"
"S8406251",3318,"T19","29/04/13 14:29",35,50,50,80,65,65,50,35,50,50,50,50,35,"65",50,"BIOM2011Sem1Report 1","BIOM2011","Sem1","Report 1"
"S8580399",3319,"T31","29/04/13 14:26",65,100,65,65,100,100,65,80,80,80,65,80,65,"80",76.25,"BIOM2011Sem1Report 1","BIOM2011","Sem1","Report 1"
"S8579731",3320,"T19","29/04/13 14:29",65,65,35,35,65,80,35,20,35,35,35,50,35,"50",43.25,"BIOM2011Sem1Report 1","BIOM2011","Sem1","Report 1"
"S8574607",3321,"T30","29/04/13 14:26",65,100,80,80,80,100,65,50,65,65,50,65,65,"80",70,"BIOM2011Sem1Report 1","BIOM2011","Sem1","Report 1"
"S8474767",3323,"T32","29/04/13 14:31",80,100,100,100,100,80,65,65,80,65,50,100,80,"100",80.25,"BIOM2011Sem1Report 1","BIOM2011","Sem1","Report 1"
"S8580361",3324,"T09","29/04/13 14:31",35,100,100,100,80,100,50,35,35,35,65,80,65,"80",62.5,"BIOM2011Sem1Report 1","BIOM2011","Sem1","Report 1"
"S8528461",3325,"T09","2/05/13 12:24",20,100,65,80,50,80,35,20,65,35,50,35,50,"65",48,"BIOM2011Sem1Report 1","BIOM2011","Sem1","Report 1"
"S8282157",3326,"T26","29/04/13 14:31",50,80,80,65,100,80,35,0,20,20,35,50,50,"50",46,"BIOM2011Sem1Report 1","BIOM2011","Sem1","Report 1"
"S8535761",3327,"T32","29/04/13 14:31",65,80,80,80,100,80,35,35,65,65,35,80,80,"100",66.25,"BIOM2011Sem1Report 1","BIOM2011","Sem1","Report 1"
"S8638075",3328,"T30","29/04/13 14:31",65,65,65,80,80,65,65,65,65,65,65,65,65,"65",66.5,"BIOM2011Sem1Report 1","BIOM2011","Sem1","Report 1"
"S8577127",3329,"T32","29/04/13 14:31",65,80,80,65,100,80,35,20,50,50,20,100,65,"65",58.75,"BIOM2011Sem1Report 1","BIOM2011","Sem1","Report 1"
"S8600351",3331,"T30","29/04/13 14:31",35,80,50,50,80,65,50,50,35,50,50,50,65,"65",53,"BIOM2011Sem1Report 1","BIOM2011","Sem1","Report 1"
"S8538157",3332,"T09","29/04/13 14:31",50,100,80,20,100,100,0,20,65,35,20,80,50,"80",51,"BIOM2011Sem1Report 1","BIOM2011","Sem1","Report 1"
"S8576659",3333,"T26","29/04/13 14:31",100,100,100,100,100,80,100,100,80,100,100,100,80,"100",97,"BIOM2011Sem1Report 1","BIOM2011","Sem1","Report 1"
"S8575941",3334,"T33","29/04/13 14:31",35,80,35,80,50,35,65,50,35,50,35,65,50,"65",50.75,"BIOM2011Sem1Report 1","BIOM2011","Sem1","Report 1"
"S8651257",3335,"T33","29/04/13 14:31",20,65,100,35,35,50,35,35,65,35,20,50,35,"50",44.5,"BIOM2011Sem1Report 1","BIOM2011","Sem1","Report 1"
"S8577287",3336,"T33","29/04/13 14:31",20,35,35,20,100,50,20,20,35,0,20,35,20,"20",26.25,"BIOM2011Sem1Report 1","BIOM2011","Sem1","Report 1"
"S8536879",3337,"T30","29/04/13 14:31",50,100,65,65,100,100,50,35,35,35,50,50,50,"35",54.5,"BIOM2011Sem1Report 1","BIOM2011","Sem1","Report 1"
"S8465383",3338,"T26","29/04/13 14:31",20,100,80,50,100,50,20,35,50,20,50,65,35,"35",45.25,"BIOM2011Sem1Report 1","BIOM2011","Sem1","Report 1"
"S8456015",3339,"T26","29/04/13 14:31",50,100,100,80,80,100,35,50,100,50,50,80,65,"50",66.25,"BIOM2011Sem1Report 1","BIOM2011","Sem1","Report 1"
"S8589447",3340,"T09","29/04/13 14:31",20,100,50,80,100,80,35,35,35,35,20,35,35,"65",46.75,"BIOM2011Sem1Report 1","BIOM2011","Sem1","Report 1"
"S8570477",3341,"T30","29/04/13 14:30",65,100,65,50,100,50,65,65,65,65,50,65,65,"65",66.25,"BIOM2011Sem1Report 1","BIOM2011","Sem1","Report 1"
"S8523503",3342,"T30","29/04/13 14:30",50,80,65,80,65,50,65,65,50,50,65,65,50,"65",60.5,"BIOM2011Sem1Report 1","BIOM2011","Sem1","Report 1"
"S8581807",3343,"T09","29/04/13 14:30",20,65,35,20,100,80,20,35,35,0,20,65,20,"35",33,"BIOM2011Sem1Report 1","BIOM2011","Sem1","Report 1"
"S8466385",3344,"T09","29/04/13 14:30",20,65,65,20,100,80,20,35,35,20,20,65,20,"35",39,"BIOM2011Sem1Report 1","BIOM2011","Sem1","Report 1"
"S8583795",3345,"T26","29/04/13 14:30",65,100,80,65,100,80,65,65,65,80,80,80,35,"35",71.5,"BIOM2011Sem1Report 1","BIOM2011","Sem1","Report 1"
"S8567033",3346,"T33","29/04/13 14:30",35,80,35,50,20,35,35,35,20,35,35,35,35,"50",37.25,"BIOM2011Sem1Report 1","BIOM2011","Sem1","Report 1"
"S8578943",3347,"T30","29/04/13 14:30",50,80,65,100,80,80,50,50,80,50,65,65,65,"50",62.25,"BIOM2011Sem1Report 1","BIOM2011","Sem1","Report 1"
"S8532807",3348,"T26","29/04/13 14:30",80,100,80,0,65,65,35,50,65,50,65,65,50,"50",58.25,"BIOM2011Sem1Report 1","BIOM2011","Sem1","Report 1"
"S8580193",3350,"T09","29/04/13 14:30",20,65,65,20,80,65,50,35,50,35,35,80,20,"35",44.75,"BIOM2011Sem1Report 1","BIOM2011","Sem1","Report 1"
"S8586901",3351,"T32","29/04/13 14:30",65,100,35,65,100,80,50,80,80,65,80,100,80,"100",72,"BIOM2011Sem1Report 1","BIOM2011","Sem1","Report 1"
"S8579853",3352,"T30","29/04/13 14:30",65,100,65,65,80,50,65,50,65,50,65,65,65,"100",64.75,"BIOM2011Sem1Report 1","BIOM2011","Sem1","Report 1"
"S8585105",3353,"T26","29/04/13 14:30",65,80,80,65,100,65,50,50,35,50,35,65,65,"65",60.75,"BIOM2011Sem1Report 1","BIOM2011","Sem1","Report 1"
"S8578527",3354,"T32","29/04/13 14:30",50,65,65,50,80,65,35,35,20,35,50,80,65,"65",50.75,"BIOM2011Sem1Report 1","BIOM2011","Sem1","Report 1"
"S8579953",3355,"T33","29/04/13 14:30",80,100,50,50,80,65,100,80,100,100,80,100,100,"100",84.75,"BIOM2011Sem1Report 1","BIOM2011","Sem1","Report 1"
"S8401995",3356,"T09","29/04/13 14:30",20,35,65,65,80,100,0,35,35,35,35,65,65,"50",43.75,"BIOM2011Sem1Report 1","BIOM2011","Sem1","Report 1"
"S8581691",3357,"T32","29/04/13 14:30",65,80,80,80,100,80,65,50,65,80,50,100,100,"65",74,"BIOM2011Sem1Report 1","BIOM2011","Sem1","Report 1"
"S8579973",3358,"T09","29/04/13 14:30",100,100,65,100,80,100,20,35,65,50,65,65,65,"50",64,"BIOM2011Sem1Report 1","BIOM2011","Sem1","Report 1"
"S8458433",3359,"T32","29/04/13 14:30",35,50,35,35,100,80,20,20,35,35,0,50,35,"65",38.75,"BIOM2011Sem1Report 1","BIOM2011","Sem1","Report 1"
"S8583291",3360,"T33","29/04/13 14:30",50,100,65,50,80,65,65,65,35,65,50,65,65,"80",63.75,"BIOM2011Sem1Report 1","BIOM2011","Sem1","Report 1"
"S8579545",3361,"T26","29/04/13 14:30",20,100,80,0,100,65,20,0,20,20,20,50,65,"65",39.25,"BIOM2011Sem1Report 1","BIOM2011","Sem1","Report 1"
"S8526807",3362,"T09","29/04/13 14:30",20,100,65,20,100,100,50,0,50,35,20,65,35,"50",45.75,"BIOM2011Sem1Report 1","BIOM2011","Sem1","Report 1"
"S8532163",3363,"T33","29/04/13 14:29",35,80,50,80,100,80,50,35,80,50,65,65,65,"65",58.5,"BIOM2011Sem1Report 1","BIOM2011","Sem1","Report 1"
"S8497039",3364,"T33","29/04/13 14:29",20,65,35,65,100,35,35,35,35,20,35,35,35,"35",37.5,"BIOM2011Sem1Report 1","BIOM2011","Sem1","Report 1"
"S8473749",3365,"T32","29/04/13 14:30",35,65,50,50,100,65,50,20,20,20,35,100,80,"65",47.5,"BIOM2011Sem1Report 1","BIOM2011","Sem1","Report 1"
"S8600241",3366,"T32","29/04/13 14:30",65,80,50,50,100,80,100,100,100,100,65,100,100,"100",85.25,"BIOM2011Sem1Report 1","BIOM2011","Sem1","Report 1"
"S8584303",3367,"T32","29/04/13 14:30",80,50,80,50,100,35,50,65,65,35,50,80,50,"50",59.25,"BIOM2011Sem1Report 1","BIOM2011","Sem1","Report 1"
"S8525231",3368,"T09","29/04/13 14:30",35,100,65,50,80,100,35,35,80,50,35,65,20,"65",54.25,"BIOM2011Sem1Report 1","BIOM2011","Sem1","Report 1"
"S8496455",3369,"T32","29/04/13 14:30",50,65,65,50,80,50,35,50,50,35,35,80,80,"80",53.75,"BIOM2011Sem1Report 1","BIOM2011","Sem1","Report 1"
"S8386049",3370,"T30","29/04/13 14:30",65,80,65,50,100,100,50,65,65,50,50,35,35,"35",59.5,"BIOM2011Sem1Report 1","BIOM2011","Sem1","Report 1"
"S8606169",3371,"T09","29/04/13 14:30",65,100,50,65,100,100,50,35,80,65,50,80,35,"65",63.5,"BIOM2011Sem1Report 1","BIOM2011","Sem1","Report 1"
"S8393353",3372,"T09","29/04/13 14:30",35,100,100,65,100,100,50,50,80,35,20,50,35,"35",58,"BIOM2011Sem1Report 1","BIOM2011","Sem1","Report 1"
"S8583847",3373,"T30","29/04/13 14:30",50,100,65,100,100,100,65,80,80,65,65,65,65,"80",73.5,"BIOM2011Sem1Report 1","BIOM2011","Sem1","Report 1"
"S8529435",3374,"T32","29/04/13 14:30",35,65,100,100,100,80,35,35,65,50,50,80,50,"50",60,"BIOM2011Sem1Report 1","BIOM2011","Sem1","Report 1"
"S8547953",3375,"T33","29/04/13 14:30",35,80,35,100,100,35,65,50,50,50,65,80,80,"80",59.5,"BIOM2011Sem1Report 1","BIOM2011","Sem1","Report 1"
"S8581873",3376,"T33","29/04/13 14:30",80,65,35,100,100,35,80,65,35,65,80,65,65,"80",67,"BIOM2011Sem1Report 1","BIOM2011","Sem1","Report 1"
"S8578079",3377,"T30","29/04/13 14:30",35,80,65,0,80,65,35,20,35,35,35,50,50,"65",43.75,"BIOM2011Sem1Report 1","BIOM2011","Sem1","Report 1"
"S8578783",3378,"T26","29/04/13 14:30",65,65,65,50,100,65,35,35,80,50,50,65,65,"50",57,"BIOM2011Sem1Report 1","BIOM2011","Sem1","Report 1"
"S8577303",3379,"T32","29/04/13 14:30",100,100,65,50,100,65,65,65,100,80,65,100,80,"100",79.5,"BIOM2011Sem1Report 1","BIOM2011","Sem1","Report 1"
"S8579637",3380,"T09","29/04/13 14:30",80,100,50,65,100,80,50,50,80,65,50,80,50,"80",67,"BIOM2011Sem1Report 1","BIOM2011","Sem1","Report 1"
"S8581963",3381,"T30","29/04/13 14:30",65,100,80,100,100,100,65,80,80,65,65,80,65,"80",77.25,"BIOM2011Sem1Report 1","BIOM2011","Sem1","Report 1"
"S8530747",3382,"T26","29/04/13 14:30",35,65,50,65,100,80,65,50,65,50,50,65,65,"65",58.5,"BIOM2011Sem1Report 1","BIOM2011","Sem1","Report 1"
"S8588109",3383,"T32","29/04/13 14:30",50,80,80,65,100,80,35,35,50,50,35,80,65,"80",59.25,"BIOM2011Sem1Report 1","BIOM2011","Sem1","Report 1"
"S8575693",3384,"T33","29/04/13 14:30",65,80,50,80,80,50,65,65,100,80,65,80,80,"80",71.25,"BIOM2011Sem1Report 1","BIOM2011","Sem1","Report 1"
"S8492895",3385,"T26","29/04/13 14:30",100,100,100,100,100,100,100,100,80,100,100,100,100,"100",99,"BIOM2011Sem1Report 1","BIOM2011","Sem1","Report 1"
"S8583465",3386,"T30","29/04/13 14:29",50,80,50,80,80,65,50,65,65,50,65,65,65,"65",60.5,"BIOM2011Sem1Report 1","BIOM2011","Sem1","Report 1"
"S8570207",3387,"T26","29/04/13 14:29",80,100,50,65,50,65,80,80,80,80,80,80,80,"80",75,"BIOM2011Sem1Report 1","BIOM2011","Sem1","Report 1"
"S8358393",3388,"T30","29/04/13 14:29",50,100,65,65,80,100,65,65,65,50,65,65,50,"65",64.75,"BIOM2011Sem1Report 1","BIOM2011","Sem1","Report 1"
"S8549911",3389,"T33","29/04/13 14:29",20,50,65,50,50,50,35,20,35,20,20,35,20,"20",33.5,"BIOM2011Sem1Report 1","BIOM2011","Sem1","Report 1"
"S8468457",3390,"T09","29/04/13 14:29",35,100,80,20,100,100,35,35,20,35,20,80,50,"50",50.75,"BIOM2011Sem1Report 1","BIOM2011","Sem1","Report 1"
"S8440997",3391,"T09","29/04/13 14:29",35,100,80,65,80,100,0,20,50,35,50,80,65,"80",52.25,"BIOM2011Sem1Report 1","BIOM2011","Sem1","Report 1"
"S8566611",3392,"T31","29/04/13 14:29",65,35,50,65,80,50,50,80,65,65,35,80,50,"50",59.75,"BIOM2011Sem1Report 1","BIOM2011","Sem1","Report 1"
"S8112187",3393,"T28","29/04/13 14:29",65,100,80,65,100,100,100,80,80,100,80,80,80,"100",86.75,"BIOM2011Sem1Report 1","BIOM2011","Sem1","Report 1"
"S8587975",3401,"T28","29/04/13 14:29",35,50,50,80,50,50,65,65,65,50,50,80,80,"80",58.25,"BIOM2011Sem1Report 1","BIOM2011","Sem1","Report 1"
"S8535223",3402,"T33","29/04/13 14:29",20,50,35,35,20,20,35,35,50,35,35,35,20,"20",32,"BIOM2011Sem1Report 1","BIOM2011","Sem1","Report 1"
"S8467537",3403,"T30","29/04/13 14:29",65,100,100,50,100,65,50,50,50,65,65,65,50,"65",66.75,"BIOM2011Sem1Report 1","BIOM2011","Sem1","Report 1"
"S8566073",3404,"T30","29/04/13 14:29",35,100,65,80,80,65,65,50,65,50,65,65,50,"50",60,"BIOM2011Sem1Report 1","BIOM2011","Sem1","Report 1"
"S8579205",3434,"T19","29/04/13 14:29",50,80,80,65,65,80,80,80,80,100,100,65,65,"80",78,"BIOM2011Sem1Report 1","BIOM2011","Sem1","Report 1"
"S8586563",3435,"T19","29/04/13 14:29",50,35,65,65,65,100,65,35,35,50,65,65,65,"65",57,"BIOM2011Sem1Report 1","BIOM2011","Sem1","Report 1"
"S8496539",3623,"T28","29/04/13 14:29",65,100,65,80,80,65,65,50,80,80,65,65,80,"80",71.25,"BIOM2011Sem1Report 1","BIOM2011","Sem1","Report 1"
"S8530557",3855,"T31","30/04/13 10:44",65,50,65,50,50,65,50,65,80,65,65,65,80,"65",62.75,"BIOM2011Sem1Report 1","BIOM2011","Sem1","Report 1"
"S8587847",3875,"T28","29/04/13 14:29",65,100,80,100,80,100,50,50,35,65,65,65,80,"80",69.5,"BIOM2011Sem1Report 1","BIOM2011","Sem1","Report 1"
"S8576405",3876,"T28","29/04/13 14:29",65,100,80,65,100,100,80,100,100,100,100,80,80,"100",88.75,"BIOM2011Sem1Report 1","BIOM2011","Sem1","Report 1"
"S8583557",3877,"T28","29/04/13 14:29",35,80,35,35,80,65,35,0,20,20,35,65,50,"80",39,"BIOM2011Sem1Report 1","BIOM2011","Sem1","Report 1"
"S8589129",3878,"T28","29/04/13 14:29",20,80,80,50,80,100,20,20,20,35,35,50,65,"80",47.25,"BIOM2011Sem1Report 1","BIOM2011","Sem1","Report 1"
"S8606083",4061,"T33","6/05/13 10:09",35,35,65,50,35,100,35,20,35,20,35,35,20,"35",37.5,"BIOM2011Sem1Report 1","BIOM2011","Sem1","Report 1"
"S8535537",4062,"T08","3/05/13 6:44",35,65,80,65,100,80,65,50,65,50,65,65,35,"50",60,"BIOM2011Sem1Report 1","BIOM2011","Sem1","Report 1"
"S8536957",4419,"T09","13/05/13 11:15",20,100,50,50,80,35,0,0,0,0,35,50,20,"50",28,"BIOM2011Sem1Report 1","BIOM2011","Sem1","Report 1"
"S8583779",5459,"T09","3/06/13 14:58",65,65,80,100,0,100,50,20,20,35,35,80,50,"50",51.75,"BIOM2011Sem1Report 1","BIOM2011","Sem1","Report 1"
"S8434511",4802,"T31","4/06/13 13:44",50,80,100,100,100,65,50,50,65,50,80,80,50,"50",66,"BIOM2011Sem1Report 2","BIOM2011","Sem1","Report 2"
"S8576127",4803,"T25","4/06/13 13:44",50,100,80,35,80,80,50,65,65,50,65,50,80,"100",64.75,"BIOM2011Sem1Report 2","BIOM2011","Sem1","Report 2"
"S8582651",4804,"T05","4/06/13 13:44",65,80,65,100,100,65,65,65,100,50,65,80,50,"80",69.5,"BIOM2011Sem1Report 2","BIOM2011","Sem1","Report 2"
"S8586659",4805,"T31","4/06/13 13:44",80,100,80,80,100,100,80,80,100,100,100,100,80,"80",89,"BIOM2011Sem1Report 2","BIOM2011","Sem1","Report 2"
"S8525047",4806,"T30","4/06/13 13:44",50,80,65,80,100,80,65,65,80,65,80,65,80,"65",69.75,"BIOM2011Sem1Report 2","BIOM2011","Sem1","Report 2"
"S8515233",4807,"T25","4/06/13 13:44",100,100,100,80,100,100,100,80,65,80,100,100,80,"100",91.25,"BIOM2011Sem1Report 2","BIOM2011","Sem1","Report 2"
"S8563805",4808,"T05","4/06/13 13:44",50,35,50,65,100,80,20,35,80,35,20,50,35,"20",45,"BIOM2011Sem1Report 2","BIOM2011","Sem1","Report 2"
"S8575171",4809,"T28","4/06/13 13:44",65,80,65,65,35,50,50,80,80,100,65,65,65,"80",70.25,"BIOM2011Sem1Report 2","BIOM2011","Sem1","Report 2"
"S8550323",4810,"T30","4/06/13 13:44",50,100,80,100,80,35,65,80,65,50,80,65,80,"80",69.25,"BIOM2011Sem1Report 2","BIOM2011","Sem1","Report 2"
"S8578911",4811,"T28","4/06/13 13:44",65,65,80,80,80,65,80,100,80,100,80,80,80,"80",82,"BIOM2011Sem1Report 2","BIOM2011","Sem1","Report 2"
"S8584217",4812,"T05","4/06/13 13:44",80,100,80,65,100,80,100,100,100,100,100,80,65,"50",88,"BIOM2011Sem1Report 2","BIOM2011","Sem1","Report 2"
"S8585081",4813,"T31","4/06/13 13:44",80,100,65,65,100,100,100,100,80,100,100,100,80,"65",89,"BIOM2011Sem1Report 2","BIOM2011","Sem1","Report 2"
"S8576993",4814,"T05","4/06/13 13:44",65,100,50,100,100,100,50,50,80,65,65,80,50,"80",69,"BIOM2011Sem1Report 2","BIOM2011","Sem1","Report 2"
"S8577631",4815,"T28","4/06/13 13:44",65,80,80,65,80,50,80,80,100,80,80,65,80,"100",77.5,"BIOM2011Sem1Report 2","BIOM2011","Sem1","Report 2"
"S8578403",4816,"T05","4/06/13 13:44",100,100,50,100,100,80,80,80,80,100,80,65,65,"80",83.5,"BIOM2011Sem1Report 2","BIOM2011","Sem1","Report 2"
"S8532305",4817,"T05","4/06/13 13:44",50,65,50,80,80,80,50,80,100,100,65,80,50,"80",72,"BIOM2011Sem1Report 2","BIOM2011","Sem1","Report 2"
"S8393733",4818,"T28","4/06/13 13:44",65,100,65,65,35,20,35,35,65,50,65,65,65,"80",55.5,"BIOM2011Sem1Report 2","BIOM2011","Sem1","Report 2"
"S8579733",4819,"T31","4/06/13 13:44",50,65,50,80,80,65,35,20,35,50,50,65,50,"50",50,"BIOM2011Sem1Report 2","BIOM2011","Sem1","Report 2"
"S8524901",4820,"T05","4/06/13 13:44",65,100,50,100,100,80,20,65,100,80,80,80,65,"80",71.25,"BIOM2011Sem1Report 2","BIOM2011","Sem1","Report 2"
"S8242993",4865,"T25","4/06/13 13:44",80,50,100,80,50,65,100,80,80,80,80,100,100,"80",82.25,"BIOM2011Sem1Report 2","BIOM2011","Sem1","Report 2"
"S8517757",4822,"T25","4/06/13 13:44",35,100,100,80,80,100,80,65,65,50,65,80,80,"100",73,"BIOM2011Sem1Report 2","BIOM2011","Sem1","Report 2"
"S8587975",4823,"T28","4/06/13 13:44",100,100,100,80,80,100,100,100,100,80,100,65,80,"80",91.25,"BIOM2011Sem1Report 2","BIOM2011","Sem1","Report 2"
"S8556233",4824,"T25","4/06/13 13:44",35,100,100,80,80,100,65,65,100,50,65,65,65,"100",71.75,"BIOM2011Sem1Report 2","BIOM2011","Sem1","Report 2"
"S8581235",4825,"T05","4/06/13 13:44",50,100,50,80,100,80,65,80,80,65,65,80,65,"80",70.75,"BIOM2011Sem1Report 2","BIOM2011","Sem1","Report 2"
"S8579793",4826,"T28","4/06/13 13:44",100,65,65,65,80,80,80,80,80,100,80,80,80,"65",81.25,"BIOM2011Sem1Report 2","BIOM2011","Sem1","Report 2"
"S8586403",4827,"T05","4/06/13 13:44",65,100,50,100,100,80,50,50,80,35,50,65,65,"80",62.75,"BIOM2011Sem1Report 2","BIOM2011","Sem1","Report 2"
"S8467537",4828,"T30","4/06/13 13:48",65,100,65,65,100,80,65,80,65,80,65,65,50,"65",72.25,"BIOM2011Sem1Report 2","BIOM2011","Sem1","Report 2"
"S8636181",4829,"T31","4/06/13 13:44",80,65,80,65,100,65,35,50,65,65,50,65,65,"65",64.5,"BIOM2011Sem1Report 2","BIOM2011","Sem1","Report 2"
"S8527477",4830,"T30","4/06/13 13:44",65,100,80,65,100,50,80,80,80,65,80,80,80,"65",75.25,"BIOM2011Sem1Report 2","BIOM2011","Sem1","Report 2"
"S8619531",4831,"T05","4/06/13 13:44",65,100,80,100,100,80,80,50,80,80,65,65,65,"80",76.25,"BIOM2011Sem1Report 2","BIOM2011","Sem1","Report 2"
"S8522963",4832,"T05","4/06/13 13:44",65,100,50,35,100,80,65,80,80,65,65,65,80,"80",70,"BIOM2011Sem1Report 2","BIOM2011","Sem1","Report 2"
"S8525291",4833,"T30","4/06/13 13:44",65,80,65,100,80,80,80,80,65,80,80,65,80,"80",76.5,"BIOM2011Sem1Report 2","BIOM2011","Sem1","Report 2"
"S8575753",4834,"T28","4/06/13 13:44",80,100,100,80,80,80,100,100,100,80,100,80,80,"100",90,"BIOM2011Sem1Report 2","BIOM2011","Sem1","Report 2"
"S8588221",4835,"T28","4/06/13 13:44",80,100,100,80,100,100,65,65,80,80,65,65,80,"80",80.5,"BIOM2011Sem1Report 2","BIOM2011","Sem1","Report 2"
"S8530189",4836,"T25","4/06/13 13:44",65,100,100,80,80,100,80,80,100,65,100,100,80,"100",84.25,"BIOM2011Sem1Report 2","BIOM2011","Sem1","Report 2"
"S8583779",4837,"T30","4/06/13 13:48",50,65,50,35,80,80,20,50,65,50,50,80,35,"65",52.25,"BIOM2011Sem1Report 2","BIOM2011","Sem1","Report 2"
"S8514393",4838,"T05","4/06/13 13:44",35,80,50,50,100,35,20,35,80,35,20,65,20,"35",43.5,"BIOM2011Sem1Report 2","BIOM2011","Sem1","Report 2"
"S8566867",4839,"T31","4/06/13 13:44",65,80,50,50,35,50,50,65,50,50,50,65,50,"50",54.5,"BIOM2011Sem1Report 2","BIOM2011","Sem1","Report 2"
"S8563733",4840,"T05","4/06/13 13:44",35,100,50,100,100,100,80,80,80,65,65,65,35,"35",68.25,"BIOM2011Sem1Report 2","BIOM2011","Sem1","Report 2"
"S8581667",4841,"T25","4/06/13 13:44",100,100,100,80,80,100,100,100,100,80,80,100,80,"100",93,"BIOM2011Sem1Report 2","BIOM2011","Sem1","Report 2"
"S8581945",4842,"T28","4/06/13 13:44",100,100,100,100,100,100,100,100,80,80,100,100,80,"65",93.25,"BIOM2011Sem1Report 2","BIOM2011","Sem1","Report 2"
"S8588375",4843,"T31","4/06/13 13:44",65,80,100,80,100,100,80,80,100,80,80,65,65,"80",82,"BIOM2011Sem1Report 2","BIOM2011","Sem1","Report 2"
"S8587685",4844,"T30","4/06/13 13:44",65,80,65,80,80,80,80,100,100,80,80,80,80,"80",80,"BIOM2011Sem1Report 2","BIOM2011","Sem1","Report 2"
"S8542919",4845,"T31","4/06/13 13:44",100,100,80,80,100,80,50,35,80,65,80,100,80,"80",75.25,"BIOM2011Sem1Report 2","BIOM2011","Sem1","Report 2"
"S8575977",4846,"T31","4/06/13 13:44",65,80,65,50,80,80,50,65,50,50,50,65,35,"65",59.75,"BIOM2011Sem1Report 2","BIOM2011","Sem1","Report 2"
"S8579313",4847,"T25","4/06/13 13:44",65,100,100,100,80,80,80,80,65,65,80,100,80,"100",81.5,"BIOM2011Sem1Report 2","BIOM2011","Sem1","Report 2"
"S8358653",4848,"T25","4/06/13 13:44",100,50,100,100,65,80,80,80,100,80,100,65,80,"100",85,"BIOM2011Sem1Report 2","BIOM2011","Sem1","Report 2"
"S8576295",4849,"T31","4/06/13 13:44",80,80,80,100,100,100,80,65,65,80,80,80,65,"65",79.25,"BIOM2011Sem1Report 2","BIOM2011","Sem1","Report 2"
"S8535705",4850,"T05","4/06/13 13:44",65,100,50,100,100,80,35,35,80,50,65,65,35,"80",61.25,"BIOM2011Sem1Report 2","BIOM2011","Sem1","Report 2"
"S8578885",4851,"T31","4/06/13 13:44",65,80,65,65,100,100,80,20,50,80,65,80,50,"80",68.5,"BIOM2011Sem1Report 2","BIOM2011","Sem1","Report 2"
"S8516021",4852,"T25","4/06/13 13:44",65,100,100,80,80,100,80,80,100,65,65,65,80,"100",80.75,"BIOM2011Sem1Report 2","BIOM2011","Sem1","Report 2"
"S8578535",4853,"T25","4/06/13 13:44",100,100,80,80,50,100,80,80,100,80,100,80,65,"80",83.75,"BIOM2011Sem1Report 2","BIOM2011","Sem1","Report 2"
"S8354115",4854,"T25","4/06/13 13:44",65,80,100,80,100,80,100,80,80,80,80,65,80,"100",83.75,"BIOM2011Sem1Report 2","BIOM2011","Sem1","Report 2"
"S8548067",4855,"T31","4/06/13 13:44",50,50,50,20,20,20,20,0,20,35,20,35,50,"50",31.5,"BIOM2011Sem1Report 2","BIOM2011","Sem1","Report 2"
"S8579423",4856,"T28","4/06/13 13:44",100,100,100,80,80,80,100,100,100,100,100,100,80,"80",95,"BIOM2011Sem1Report 2","BIOM2011","Sem1","Report 2"
"S8576175",4857,"T30","4/06/13 13:44",65,65,65,65,65,100,80,80,80,80,80,80,65,"80",75,"BIOM2011Sem1Report 2","BIOM2011","Sem1","Report 2"
"S8530473",4858,"T05","4/06/13 13:48",35,100,80,100,100,80,50,35,80,35,35,65,65,"80",60.5,"BIOM2011Sem1Report 2","BIOM2011","Sem1","Report 2"
"S8288857",4859,"T05","4/06/13 13:44",50,100,50,100,100,80,65,80,80,80,80,80,80,"80",75.5,"BIOM2011Sem1Report 2","BIOM2011","Sem1","Report 2"
"S8595075",4860,"T05","4/06/13 13:44",80,100,50,65,100,80,50,50,100,50,50,65,50,"80",65,"BIOM2011Sem1Report 2","BIOM2011","Sem1","Report 2"
"S8581785",4861,"T31","4/06/13 13:44",80,65,80,50,80,65,100,100,100,80,80,100,100,"100",85,"BIOM2011Sem1Report 2","BIOM2011","Sem1","Report 2"
"S8580223",4862,"T05","4/06/13 13:44",50,100,50,100,100,80,65,50,80,65,65,80,50,"50",66.5,"BIOM2011Sem1Report 2","BIOM2011","Sem1","Report 2"
"S8458723",4866,"T25","4/06/13 13:44",65,100,100,100,100,80,80,65,100,65,80,100,80,"100",82.75,"BIOM2011Sem1Report 2","BIOM2011","Sem1","Report 2"
"S8534409",4871,"T19","4/06/13 13:44",50,65,65,80,20,80,35,35,50,35,50,50,50,"50",48.5,"BIOM2011Sem1Report 2","BIOM2011","Sem1","Report 2"
"S8594143",4873,"T31","4/06/13 13:44",50,65,50,50,35,65,50,50,65,50,50,65,50,"50",52.25,"BIOM2011Sem1Report 2","BIOM2011","Sem1","Report 2"
"S8531381",4874,"T31","4/06/13 13:44",50,100,80,100,80,100,50,20,65,50,50,80,65,"65",62.75,"BIOM2011Sem1Report 2","BIOM2011","Sem1","Report 2"
"S8527661",4875,"T19","4/06/13 13:44",50,100,80,65,80,65,65,80,80,65,65,80,80,"80",72,"BIOM2011Sem1Report 2","BIOM2011","Sem1","Report 2"
"S8530361",4876,"T32","4/06/13 13:44",35,100,100,80,100,100,50,65,80,50,80,80,80,"80",71.5,"BIOM2011Sem1Report 2","BIOM2011","Sem1","Report 2"
"S8597903",4877,"T31","4/06/13 13:44",65,65,65,80,80,35,50,50,65,65,65,80,65,"65",62.75,"BIOM2011Sem1Report 2","BIOM2011","Sem1","Report 2"
"S8566849",4878,"T19","4/06/13 13:44",35,100,80,50,80,65,50,50,65,50,50,65,35,"50",57,"BIOM2011Sem1Report 2","BIOM2011","Sem1","Report 2"
"S8574613",4879,"T19","4/06/13 13:44",50,65,50,50,80,50,35,50,80,50,50,50,65,"65",53.75,"BIOM2011Sem1Report 2","BIOM2011","Sem1","Report 2"
"S8578397",4880,"T19","4/06/13 13:44",50,100,80,100,80,50,50,50,80,50,50,65,80,"80",64.75,"BIOM2011Sem1Report 2","BIOM2011","Sem1","Report 2"
"S8510981",4881,"T30","4/06/13 13:44",35,80,65,65,80,80,50,65,80,50,65,65,65,"65",61.25,"BIOM2011Sem1Report 2","BIOM2011","Sem1","Report 2"
"S8584785",4882,"T30","4/06/13 13:44",65,80,80,100,100,80,65,80,80,50,65,65,65,"65",71.5,"BIOM2011Sem1Report 2","BIOM2011","Sem1","Report 2"
"S8619457",4883,"T19","4/06/13 13:44",50,65,65,65,80,80,65,50,80,65,65,80,65,"80",65.75,"BIOM2011Sem1Report 2","BIOM2011","Sem1","Report 2"
"S8588893",4884,"T32","4/06/13 13:44",50,80,80,50,80,50,50,65,50,50,65,80,80,"80",62.75,"BIOM2011Sem1Report 2","BIOM2011","Sem1","Report 2"
"S8586563",4885,"T19","4/06/13 13:44",50,35,65,80,80,65,65,65,80,65,65,65,65,"65",64.25,"BIOM2011Sem1Report 2","BIOM2011","Sem1","Report 2"
"S8575311",4886,"T19","4/06/13 13:44",65,100,80,100,80,80,35,50,80,65,50,65,65,"80",67.75,"BIOM2011Sem1Report 2","BIOM2011","Sem1","Report 2"
"S8586153",4887,"T31","4/06/13 13:44",100,100,100,80,80,100,100,65,100,80,100,100,100,"80",90.5,"BIOM2011Sem1Report 2","BIOM2011","Sem1","Report 2"
"S8566611",4888,"T31","4/06/13 13:44",65,100,80,80,100,100,80,80,80,80,80,65,65,"65",79.25,"BIOM2011Sem1Report 2","BIOM2011","Sem1","Report 2"
"S8357111",4889,"T31","4/06/13 13:44",0,80,100,100,80,80,0,0,0,0,35,50,80,"65",38.5,"BIOM2011Sem1Report 2","BIOM2011","Sem1","Report 2"
"S8535021",4890,"T30","4/06/13 13:48",35,65,65,65,100,80,20,65,100,65,50,80,35,"80",61,"BIOM2011Sem1Report 2","BIOM2011","Sem1","Report 2"
"S8574607",4891,"T30","5/06/13 13:27",80,80,80,65,80,80,80,100,100,80,100,80,80,"100",84.25,"BIOM2011Sem1Report 2","BIOM2011","Sem1","Report 2"
"S8587633",4892,"T31","4/06/13 13:44",100,100,80,100,100,100,65,65,100,100,100,80,100,"80",89,"BIOM2011Sem1Report 2","BIOM2011","Sem1","Report 2"
"S8592795",4893,"T32","4/06/13 13:44",65,80,65,80,100,80,50,65,100,50,65,80,100,"80",70.25,"BIOM2011Sem1Report 2","BIOM2011","Sem1","Report 2"
"S8580399",4894,"T31","4/06/13 13:44",50,100,80,80,100,100,65,65,80,65,65,80,65,"80",73.25,"BIOM2011Sem1Report 2","BIOM2011","Sem1","Report 2"
"S8408593",4895,"T32","4/06/13 13:44",65,65,80,50,50,35,65,80,65,50,80,80,65,"80",65,"BIOM2011Sem1Report 2","BIOM2011","Sem1","Report 2"
"S8406251",4896,"T19","4/06/13 13:44",65,100,65,100,80,80,80,80,80,80,65,80,65,"80",77.5,"BIOM2011Sem1Report 2","BIOM2011","Sem1","Report 2"
"S8587235",4897,"T32","4/06/13 13:44",80,100,100,80,100,100,80,80,100,50,100,80,80,"80",82.5,"BIOM2011Sem1Report 2","BIOM2011","Sem1","Report 2"
"S8530961",4898,"T19","4/06/13 13:44",50,65,65,65,80,100,50,50,80,50,65,50,50,"80",60.75,"BIOM2011Sem1Report 2","BIOM2011","Sem1","Report 2"
"S8531435",4899,"T19","4/06/13 13:44",50,65,65,65,50,50,65,65,80,65,50,65,65,"65",62,"BIOM2011Sem1Report 2","BIOM2011","Sem1","Report 2"
"S8409797",4900,"T19","4/06/13 13:44",50,35,65,50,80,65,35,50,65,50,50,50,65,"65",53.75,"BIOM2011Sem1Report 2","BIOM2011","Sem1","Report 2"
"S8551691",4901,"T31","4/06/13 13:44",50,100,100,100,80,100,50,65,100,50,50,65,50,"50",68.75,"BIOM2011Sem1Report 2","BIOM2011","Sem1","Report 2"
"S8608903",4902,"T30","4/06/13 13:44",65,50,65,65,80,100,65,80,80,80,80,50,80,"80",72.75,"BIOM2011Sem1Report 2","BIOM2011","Sem1","Report 2"
"S8583305",4904,"T30","4/06/13 13:44",50,100,65,65,80,100,65,65,80,65,65,65,65,"65",68.5,"BIOM2011Sem1Report 2","BIOM2011","Sem1","Report 2"
"S8473277",4905,"T30","4/06/13 13:44",50,65,80,65,100,100,0,50,65,35,50,50,65,"65",54.5,"BIOM2011Sem1Report 2","BIOM2011","Sem1","Report 2"
"S8586619",4906,"T30","4/06/13 13:44",35,80,65,65,100,80,50,50,65,50,50,50,65,"65",58.5,"BIOM2011Sem1Report 2","BIOM2011","Sem1","Report 2"
"S8285971",4907,"T19","4/06/13 13:44",50,80,65,50,80,50,50,35,80,35,35,50,65,"65",53,"BIOM2011Sem1Report 2","BIOM2011","Sem1","Report 2"
"S8593265",4908,"T30","4/06/13 13:44",65,80,100,80,100,80,80,65,80,80,65,50,65,"80",77,"BIOM2011Sem1Report 2","BIOM2011","Sem1","Report 2"
"S8474767",4909,"T32","4/06/13 13:44",80,100,100,100,100,100,80,100,80,80,100,100,100,"80",91,"BIOM2011Sem1Report 2","BIOM2011","Sem1","Report 2"
"S8588339",4910,"T31","4/06/13 13:44",80,100,100,100,100,100,80,100,100,80,80,80,80,"80",89,"BIOM2011Sem1Report 2","BIOM2011","Sem1","Report 2"
"S8530557",4911,"T31","4/06/13 13:47",100,100,80,65,100,100,65,65,80,100,80,100,100,"80",86.25,"BIOM2011Sem1Report 2","BIOM2011","Sem1","Report 2"
"S8577309",4912,"T32","4/06/13 13:47",80,80,100,100,100,80,50,50,100,50,65,100,50,"80",73.25,"BIOM2011Sem1Report 2","BIOM2011","Sem1","Report 2"
"S8579073",4913,"T32","4/06/13 13:47",65,100,80,80,65,100,50,65,80,65,80,80,80,"80",73,"BIOM2011Sem1Report 2","BIOM2011","Sem1","Report 2"
"S8586437",4914,"T30","4/06/13 13:47",50,80,65,65,80,80,65,65,80,65,65,65,65,"65",66.5,"BIOM2011Sem1Report 2","BIOM2011","Sem1","Report 2"
"S8571187",4915,"T32","4/06/13 13:47",80,100,80,80,80,80,65,80,100,50,100,100,50,"80",76.5,"BIOM2011Sem1Report 2","BIOM2011","Sem1","Report 2"
"S8580595",4916,"T30","4/06/13 13:47",80,80,80,80,100,80,80,100,100,100,100,65,80,"80",87.25,"BIOM2011Sem1Report 2","BIOM2011","Sem1","Report 2"
"S8579731",4917,"T19","4/06/13 13:47",50,65,65,65,80,80,50,35,80,35,50,65,50,"50",54.5,"BIOM2011Sem1Report 2","BIOM2011","Sem1","Report 2"
"S8588255",4918,"T30","4/06/13 13:47",65,65,80,65,80,80,65,65,80,80,65,80,65,"80",72.5,"BIOM2011Sem1Report 2","BIOM2011","Sem1","Report 2"
"S8580303",4919,"T32","4/06/13 13:47",50,100,80,100,100,100,50,50,65,50,65,100,50,"100",69.5,"BIOM2011Sem1Report 2","BIOM2011","Sem1","Report 2"
"S8578821",4920,"T32","4/06/13 13:47",80,100,80,100,100,100,80,100,65,100,100,100,100,"80",91.25,"BIOM2011Sem1Report 2","BIOM2011","Sem1","Report 2"
"S8527279",4921,"T32","4/06/13 13:47",80,100,100,100,100,80,65,80,65,65,80,100,100,"80",82.5,"BIOM2011Sem1Report 2","BIOM2011","Sem1","Report 2"
"S8588449",4922,"T31","4/06/13 13:47",65,50,80,80,100,100,80,80,80,80,65,65,65,"65",76,"BIOM2011Sem1Report 2","BIOM2011","Sem1","Report 2"
"S8529435",4923,"T30","4/06/13 13:47",65,0,65,100,80,100,65,65,80,50,65,65,65,"80",65.25,"BIOM2011Sem1Report 2","BIOM2011","Sem1","Report 2"
"S8579637",4924,"T09","4/06/13 13:47",100,100,100,20,50,100,80,80,100,100,80,65,80,"100",85.75,"BIOM2011Sem1Report 2","BIOM2011","Sem1","Report 2"
"S8581691",4925,"T32","4/06/13 13:47",50,100,65,0,100,80,35,35,80,35,35,80,80,"65",54.75,"BIOM2011Sem1Report 2","BIOM2011","Sem1","Report 2"
"S8492895",4926,"T34","4/06/13 13:47",80,50,65,65,65,65,65,80,100,80,65,80,65,"65",72,"BIOM2011Sem1Report 2","BIOM2011","Sem1","Report 2"
"S8589447",4927,"T09","4/06/13 13:47",65,100,80,35,80,50,50,35,80,50,50,80,50,"65",60,"BIOM2011Sem1Report 2","BIOM2011","Sem1","Report 2"
"S8583847",4928,"T30","4/06/13 13:47",65,80,80,80,100,80,80,80,100,80,80,80,80,"80",80.5,"BIOM2011Sem1Report 2","BIOM2011","Sem1","Report 2"
"S8528461",4929,"T09","4/06/13 13:47",50,100,80,65,80,65,65,50,80,65,20,50,20,"80",62.25,"BIOM2011Sem1Report 2","BIOM2011","Sem1","Report 2"
"S8579853",4930,"T30","4/06/13 13:47",80,100,80,80,100,100,80,80,80,80,80,65,80,"80",82.25,"BIOM2011Sem1Report 2","BIOM2011","Sem1","Report 2"
"S8532807",4931,"T34","4/06/13 13:48",35,20,50,35,65,35,65,50,65,35,20,50,50,"65",45.5,"BIOM2011Sem1Report 2","BIOM2011","Sem1","Report 2"
"S8579953",4932,"T33","4/06/13 13:47",65,100,80,100,100,100,100,100,100,100,100,100,80,"80",92.5,"BIOM2011Sem1Report 2","BIOM2011","Sem1","Report 2"
"S8578079",4933,"T30","4/06/13 13:47",65,80,80,80,0,0,65,80,65,50,65,65,80,"80",62.25,"BIOM2011Sem1Report 2","BIOM2011","Sem1","Report 2"
"S8567033",4934,"T33","4/06/13 13:47",50,100,50,80,80,100,50,50,100,35,35,50,35,"50",56.75,"BIOM2011Sem1Report 2","BIOM2011","Sem1","Report 2"
"S8535761",4935,"T32","4/06/13 13:47",65,100,50,80,100,80,80,100,80,50,100,100,35,"80",74.75,"BIOM2011Sem1Report 2","BIOM2011","Sem1","Report 2"
"S8386049",4936,"T30","4/06/13 13:47",65,100,65,20,80,80,80,80,80,50,65,50,80,"65",67.5,"BIOM2011Sem1Report 2","BIOM2011","Sem1","Report 2"
"S8497039",4937,"T33","4/06/13 13:47",80,100,80,100,100,100,100,100,100,100,100,100,80,"80",94,"BIOM2011Sem1Report 2","BIOM2011","Sem1","Report 2"
"S8465383",4938,"T34","4/06/13 13:47",50,80,65,35,50,50,50,50,65,65,65,65,50,"50",56.75,"BIOM2011Sem1Report 2","BIOM2011","Sem1","Report 2"
"S8577287",4939,"T09","4/06/13 13:47",50,100,80,35,65,50,50,50,50,20,35,80,20,"20",48.75,"BIOM2011Sem1Report 2","BIOM2011","Sem1","Report 2"
"S8581873",4941,"T33","4/06/13 13:47",100,100,80,100,100,100,100,80,100,100,80,100,80,"80",93,"BIOM2011Sem1Report 2","BIOM2011","Sem1","Report 2"
"S8570207",4942,"T34","4/06/13 13:48",35,80,50,35,80,35,50,35,80,50,65,80,65,"35",52.25,"BIOM2011Sem1Report 2","BIOM2011","Sem1","Report 2"
"S8575693",4943,"T33","4/06/13 13:47",80,65,80,100,100,100,80,100,100,65,65,80,80,"100",83.25,"BIOM2011Sem1Report 2","BIOM2011","Sem1","Report 2"
"S8570477",4944,"T30","4/06/13 13:47",65,65,80,80,80,50,50,65,65,65,80,65,80,"80",68,"BIOM2011Sem1Report 2","BIOM2011","Sem1","Report 2"
"S8584303",4945,"T32","4/06/13 13:47",100,100,100,80,100,80,100,100,100,100,100,100,100,"80",97,"BIOM2011Sem1Report 2","BIOM2011","Sem1","Report 2"
"S8606169",4946,"T09","4/06/13 13:47",80,100,100,100,100,100,80,100,80,100,100,100,65,"100",93.25,"BIOM2011Sem1Report 2","BIOM2011","Sem1","Report 2"
"S8651257",4947,"T33","4/06/13 13:47",50,65,80,35,50,50,50,35,80,35,50,50,50,"80",52.25,"BIOM2011Sem1Report 2","BIOM2011","Sem1","Report 2"
"S8466385",4948,"T09","4/06/13 13:47",65,100,50,35,80,50,50,65,80,50,50,65,50,"50",58.5,"BIOM2011Sem1Report 2","BIOM2011","Sem1","Report 2"
"S8578783",4949,"T32","4/06/13 13:47",80,100,80,80,100,80,50,65,100,50,50,100,100,"80",74.5,"BIOM2011Sem1Report 2","BIOM2011","Sem1","Report 2"
"S8577127",4950,"T30","4/06/13 13:47",50,80,80,80,100,80,65,65,80,50,65,50,65,"80",67.5,"BIOM2011Sem1Report 2","BIOM2011","Sem1","Report 2"
"S8530747",4951,"T32","4/06/13 13:47",65,100,65,100,100,80,65,50,80,35,50,100,100,"80",69.25,"BIOM2011Sem1Report 2","BIOM2011","Sem1","Report 2"
"S8586901",4952,"T32","4/06/13 13:47",80,100,80,80,80,80,65,65,80,50,80,100,80,"80",74.5,"BIOM2011Sem1Report 2","BIOM2011","Sem1","Report 2"
"S8473749",4953,"T32","4/06/13 13:47",80,100,80,80,80,100,65,65,100,50,65,100,100,"65",76,"BIOM2011Sem1Report 2","BIOM2011","Sem1","Report 2"
"S8474175",4954,"T34","4/06/13 13:48",20,65,35,35,65,35,20,0,20,20,0,50,20,"65",28.25,"BIOM2011Sem1Report 2","BIOM2011","Sem1","Report 2"
"S8581963",4955,"T32","4/06/13 13:47",65,100,80,80,100,80,80,80,100,80,65,100,100,"80",82.75,"BIOM2011Sem1Report 2","BIOM2011","Sem1","Report 2"
"S8583465",4956,"T30","4/06/13 13:47",50,100,80,80,80,80,65,65,80,65,80,80,80,"80",72.75,"BIOM2011Sem1Report 2","BIOM2011","Sem1","Report 2"
"S8575941",4957,"T33","4/06/13 13:47",50,100,80,80,100,65,65,65,100,65,65,65,50,"65",70.25,"BIOM2011Sem1Report 2","BIOM2011","Sem1","Report 2"
"S8523503",4958,"T30","4/06/13 13:47",80,65,80,80,80,65,65,80,80,80,65,80,80,"65",75.5,"BIOM2011Sem1Report 2","BIOM2011","Sem1","Report 2"
"S8532163",4959,"T09","4/06/13 13:47",50,100,80,65,65,35,50,50,100,35,65,100,65,"50",60.5,"BIOM2011Sem1Report 2","BIOM2011","Sem1","Report 2"
"S8401995",4960,"T09","4/06/13 13:47",35,100,80,65,80,65,20,35,80,35,35,80,50,"50",52.5,"BIOM2011Sem1Report 2","BIOM2011","Sem1","Report 2"
"S8536879",4961,"T30","4/06/13 13:47",35,100,80,80,100,80,35,50,65,50,65,50,50,"50",59.5,"BIOM2011Sem1Report 2","BIOM2011","Sem1","Report 2"
"S8588109",4962,"T30","4/06/13 13:47",65,65,80,65,100,65,65,65,80,50,65,65,65,"80",67.5,"BIOM2011Sem1Report 2","BIOM2011","Sem1","Report 2"
"S8581807",4963,"T09","4/06/13 13:47",65,100,80,35,80,50,35,50,65,35,50,80,35,"35",54.75,"BIOM2011Sem1Report 2","BIOM2011","Sem1","Report 2"
"S8583795",4964,"T34","4/06/13 13:47",50,0,50,50,50,50,35,50,50,35,35,50,50,"65",43.75,"BIOM2011Sem1Report 2","BIOM2011","Sem1","Report 2"
"S8579545",4965,"T34","4/06/13 13:47",20,65,65,50,50,0,35,35,50,50,50,50,35,"50",43,"BIOM2011Sem1Report 2","BIOM2011","Sem1","Report 2"
"S8580193",4966,"T09","4/06/13 13:47",80,100,80,35,80,50,65,65,50,50,50,100,35,"50",64,"BIOM2011Sem1Report 2","BIOM2011","Sem1","Report 2"
"S8638075",4967,"T30","4/06/13 13:47",65,65,80,100,80,65,80,80,80,65,80,80,80,"80",75.75,"BIOM2011Sem1Report 2","BIOM2011","Sem1","Report 2"
"S8579973",4968,"T09","4/06/13 13:47",65,100,80,65,80,65,35,65,80,65,50,80,50,"35",64.5,"BIOM2011Sem1Report 2","BIOM2011","Sem1","Report 2"
"S8578943",4969,"T30","4/06/13 13:47",65,80,50,65,80,100,80,80,80,80,50,80,80,"65",73.5,"BIOM2011Sem1Report 2","BIOM2011","Sem1","Report 2"
"S8282157",4970,"T32","4/06/13 13:47",80,100,80,80,100,80,50,65,65,65,65,100,100,"80",75.75,"BIOM2011Sem1Report 2","BIOM2011","Sem1","Report 2"
"S8576659",4971,"T34","4/06/13 13:47",65,80,80,65,80,80,65,65,80,80,65,80,65,"65",72.5,"BIOM2011Sem1Report 2","BIOM2011","Sem1","Report 2"
"S8583291",4972,"T33","4/06/13 13:47",65,80,80,80,100,100,100,80,100,80,100,100,80,"80",85.5,"BIOM2011Sem1Report 2","BIOM2011","Sem1","Report 2"
"S8578527",4973,"T32","4/06/13 13:47",65,100,80,65,80,80,65,80,80,50,65,100,80,"80",73,"BIOM2011Sem1Report 2","BIOM2011","Sem1","Report 2"
"S8458433",4974,"T32","4/06/13 13:47",50,50,80,50,80,80,35,35,65,35,50,100,80,"80",57,"BIOM2011Sem1Report 2","BIOM2011","Sem1","Report 2"
"S8496455",4975,"T32","4/06/13 13:47",100,100,80,80,80,80,65,80,80,65,65,100,100,"80",80.5,"BIOM2011Sem1Report 2","BIOM2011","Sem1","Report 2"
"S8580361",4976,"T09","4/06/13 13:47",100,100,100,100,100,100,50,65,100,65,80,100,80,"100",84.25,"BIOM2011Sem1Report 2","BIOM2011","Sem1","Report 2"
"S8585105",4977,"T32","4/06/13 13:47",80,100,100,80,100,80,50,65,100,50,65,100,100,"80",77.25,"BIOM2011Sem1Report 2","BIOM2011","Sem1","Report 2"
"S8538157",4978,"T09","4/06/13 13:47",50,100,100,100,100,100,50,20,100,35,35,100,50,"80",65.5,"BIOM2011Sem1Report 2","BIOM2011","Sem1","Report 2"
"S8526807",4979,"T09","4/06/13 13:47",65,100,100,65,100,100,65,50,50,65,65,80,50,"50",70.75,"BIOM2011Sem1Report 2","BIOM2011","Sem1","Report 2"
"S8600351",4980,"T30","4/06/13 13:47",50,80,80,65,65,65,65,65,65,50,65,50,65,"80",63.5,"BIOM2011Sem1Report 2","BIOM2011","Sem1","Report 2"
"S8358393",4981,"T30","4/06/13 13:47",80,100,80,80,100,100,80,80,80,65,80,65,80,"80",80,"BIOM2011Sem1Report 2","BIOM2011","Sem1","Report 2"
"S8549911",4982,"T33","4/06/13 13:47",35,80,50,35,50,35,35,35,80,20,35,50,35,"80",42.5,"BIOM2011Sem1Report 2","BIOM2011","Sem1","Report 2"
"S8600241",4983,"T32","4/06/13 13:47",50,100,80,80,80,80,65,80,100,50,65,100,100,"80",74.25,"BIOM2011Sem1Report 2","BIOM2011","Sem1","Report 2"
"S8566073",4984,"T30","4/06/13 13:47",65,100,65,80,50,65,80,80,80,80,80,80,65,"80",75,"BIOM2011Sem1Report 2","BIOM2011","Sem1","Report 2"
"S8577303",4985,"T32","4/06/13 13:47",65,100,80,80,80,100,65,80,100,65,65,100,100,"80",79,"BIOM2011Sem1Report 2","BIOM2011","Sem1","Report 2"
"S8456015",4986,"T34","4/06/13 13:47",50,50,65,80,80,65,20,35,50,35,50,65,50,"65",50,"BIOM2011Sem1Report 2","BIOM2011","Sem1","Report 2"
"S8578757",4992,"T19","4/06/13 13:47",50,50,65,65,100,100,50,35,65,35,50,65,50,"65",55.75,"BIOM2011Sem1Report 2","BIOM2011","Sem1","Report 2"
"S8585921",4991,"T29","4/06/13 13:47",65,80,65,80,100,100,65,65,80,50,65,65,65,"80",69.25,"BIOM2011Sem1Report 2","BIOM2011","Sem1","Report 2"
"S8583557",4993,"T28","4/06/13 13:47",65,100,65,50,65,80,0,0,50,35,35,35,80,"80",47,"BIOM2011Sem1Report 2","BIOM2011","Sem1","Report 2"
"S8456363",4994,"T09","4/06/13 13:47",35,100,80,65,80,50,50,20,80,35,50,80,35,"20",51.75,"BIOM2011Sem1Report 2","BIOM2011","Sem1","Report 2"
"S8580869",4995,"T29","4/06/13 13:47",65,100,100,80,65,65,65,65,80,65,80,80,80,"80",74.75,"BIOM2011Sem1Report 2","BIOM2011","Sem1","Report 2"
"S8288655",4996,"T09","4/06/13 13:47",35,100,100,80,100,80,50,20,65,35,50,80,50,"35",57.75,"BIOM2011Sem1Report 2","BIOM2011","Sem1","Report 2"
"S8517001",4997,"T08","4/06/13 13:47",80,100,80,50,100,100,65,80,80,65,80,80,50,"65",75.5,"BIOM2011Sem1Report 2","BIOM2011","Sem1","Report 2"
"S8580967",4998,"T19","4/06/13 13:47",65,100,65,100,100,80,65,80,65,80,65,80,65,"80",76.25,"BIOM2011Sem1Report 2","BIOM2011","Sem1","Report 2"
"S8593529",4999,"T19","4/06/13 13:47",50,100,65,65,100,100,65,50,65,65,50,65,50,"50",65,"BIOM2011Sem1Report 2","BIOM2011","Sem1","Report 2"
"S8588015",5000,"T29","4/06/13 13:47",50,80,80,80,80,80,50,50,80,65,50,65,80,"80",66.5,"BIOM2011Sem1Report 2","BIOM2011","Sem1","Report 2"
"S8582201",5002,"T29","4/06/13 13:47",35,80,80,65,100,100,50,50,80,50,50,35,50,"65",60.25,"BIOM2011Sem1Report 2","BIOM2011","Sem1","Report 2"
"S8593279",5003,"T09","4/06/13 13:47",65,100,100,100,80,100,65,50,100,65,65,80,80,"100",78,"BIOM2011Sem1Report 2","BIOM2011","Sem1","Report 2"
"S8568197",5004,"T08","4/06/13 13:47",35,100,80,80,100,100,65,50,50,65,65,80,35,"50",65.75,"BIOM2011Sem1Report 2","BIOM2011","Sem1","Report 2"
"S8602821",5005,"T29","4/06/13 13:47",35,80,80,65,65,100,35,35,65,35,35,50,50,"50",51.75,"BIOM2011Sem1Report 2","BIOM2011","Sem1","Report 2"
"S8575039",5006,"T19","4/06/13 13:47",65,100,65,65,100,100,65,80,80,65,65,80,65,"80",74,"BIOM2011Sem1Report 2","BIOM2011","Sem1","Report 2"
"S8581241",5007,"T29","4/06/13 13:47",65,100,80,65,100,100,50,35,80,50,50,65,65,"65",65,"BIOM2011Sem1Report 2","BIOM2011","Sem1","Report 2"
"S8576851",5008,"T19","4/06/13 13:47",65,65,65,65,50,80,50,65,65,65,65,65,65,"65",63.5,"BIOM2011Sem1Report 2","BIOM2011","Sem1","Report 2"
"S8587705",5009,"T28","4/06/13 13:47",100,100,80,65,80,80,100,65,80,100,100,80,80,"100",87.75,"BIOM2011Sem1Report 2","BIOM2011","Sem1","Report 2"
"S8576405",5010,"T28","4/06/13 13:47",65,100,100,65,65,80,65,50,100,50,65,80,80,"80",71.25,"BIOM2011Sem1Report 2","BIOM2011","Sem1","Report 2"
"S8579223",5011,"T29","12/08/13 10:07",50,100,100,65,80,50,50,50,50,50,50,50,50,"65",60.5,"BIOM2011Sem1Report 2","BIOM2011","Sem1","Report 2"
"S8579745",5012,"T09","4/06/13 13:47",65,100,100,80,100,100,50,35,50,35,50,50,35,"50",61,"BIOM2011Sem1Report 2","BIOM2011","Sem1","Report 2"
"S8401725",5013,"T29","4/06/13 13:47",80,100,100,100,80,80,65,65,80,65,80,65,80,"80",78,"BIOM2011Sem1Report 2","BIOM2011","Sem1","Report 2"
"S8535537",5014,"T08","4/06/13 13:47",50,65,50,65,100,100,20,65,65,50,65,80,50,"65",58.75,"BIOM2011Sem1Report 2","BIOM2011","Sem1","Report 2"
"S8587651",5015,"T09","4/06/13 13:47",80,100,100,80,100,100,65,80,65,80,65,80,20,"65",78.25,"BIOM2011Sem1Report 2","BIOM2011","Sem1","Report 2"
"S8586507",5016,"T08","4/06/13 13:47",65,100,80,50,100,100,65,65,80,65,65,80,50,"80",72.5,"BIOM2011Sem1Report 2","BIOM2011","Sem1","Report 2"
"S8585693",5017,"T19","4/06/13 13:47",50,100,65,65,100,100,50,35,35,50,50,65,65,"50",59,"BIOM2011Sem1Report 2","BIOM2011","Sem1","Report 2"
"S8579205",5018,"T19","4/06/13 13:47",65,50,80,80,80,100,80,80,100,80,65,80,65,"65",76.75,"BIOM2011Sem1Report 2","BIOM2011","Sem1","Report 2"
"S8575925",5019,"T29","4/06/13 13:47",65,100,80,80,100,100,80,65,80,65,65,80,80,"80",77,"BIOM2011Sem1Report 2","BIOM2011","Sem1","Report 2"
"S8405073",5020,"T19","4/06/13 13:47",65,100,50,80,100,80,65,65,80,65,65,50,65,"80",69.25,"BIOM2011Sem1Report 2","BIOM2011","Sem1","Report 2"
"S8583385",5021,"T28","4/06/13 13:47",80,100,100,80,80,100,80,80,100,80,80,80,80,"80",85,"BIOM2011Sem1Report 2","BIOM2011","Sem1","Report 2"
"S8589129",5022,"T28","4/06/13 13:47",50,100,80,50,80,80,35,35,35,35,35,50,65,"65",53.25,"BIOM2011Sem1Report 2","BIOM2011","Sem1","Report 2"
"S8586949",5023,"T19","4/06/13 13:47",65,100,65,100,100,80,65,65,65,65,65,80,80,"80",73.25,"BIOM2011Sem1Report 2","BIOM2011","Sem1","Report 2"
"S8580209",5024,"T19","4/06/13 13:47",65,65,65,65,100,100,65,65,80,80,65,80,65,"80",73,"BIOM2011Sem1Report 2","BIOM2011","Sem1","Report 2"
"S8580159",5025,"T08","4/06/13 13:47",50,100,65,100,100,100,65,50,50,65,65,80,65,"50",68.25,"BIOM2011Sem1Report 2","BIOM2011","Sem1","Report 2"
"S8577723",5026,"T29","4/06/13 13:47",50,80,100,65,100,100,65,50,80,50,50,50,50,"80",66.75,"BIOM2011Sem1Report 2","BIOM2011","Sem1","Report 2"
"S8581505",5027,"T09","4/06/13 13:47",65,100,100,80,100,100,50,35,80,50,50,80,65,"65",68.5,"BIOM2011Sem1Report 2","BIOM2011","Sem1","Report 2"
"S8584681",5028,"T29","4/06/13 13:47",50,80,65,65,100,100,50,50,50,50,65,65,65,"80",62.5,"BIOM2011Sem1Report 2","BIOM2011","Sem1","Report 2"
"S8583641",5029,"T19","4/06/13 13:47",65,100,65,100,100,100,65,80,65,80,80,80,65,"65",77.25,"BIOM2011Sem1Report 2","BIOM2011","Sem1","Report 2"
"S8591893",5030,"T28","4/06/13 13:47",65,35,80,65,80,100,65,35,80,50,65,100,80,"80",66.25,"BIOM2011Sem1Report 2","BIOM2011","Sem1","Report 2"
"S8475961",5031,"T29","4/06/13 13:47",35,100,100,50,65,65,50,35,35,35,35,35,65,"50",52.25,"BIOM2011Sem1Report 2","BIOM2011","Sem1","Report 2"
"S8579225",5032,"T19","4/06/13 13:47",65,100,65,65,100,100,65,80,80,65,65,65,65,"80",73.25,"BIOM2011Sem1Report 2","BIOM2011","Sem1","Report 2"
"S8587977",5033,"T28","4/06/13 13:47",100,100,100,100,65,100,100,100,100,100,100,80,80,"80",95.25,"BIOM2011Sem1Report 2","BIOM2011","Sem1","Report 2"
"S8523045",5034,"T09","4/06/13 13:47",50,100,65,80,100,80,50,50,100,35,65,100,50,"35",62.25,"BIOM2011Sem1Report 2","BIOM2011","Sem1","Report 2"
"S8580593",5035,"T28","4/06/13 13:47",65,100,100,65,65,80,65,65,80,65,65,65,65,"80",72.5,"BIOM2011Sem1Report 2","BIOM2011","Sem1","Report 2"
"S8112187",5036,"T19","4/06/13 13:47",50,80,80,65,80,100,50,35,80,50,50,65,65,"65",61.5,"BIOM2011Sem1Report 2","BIOM2011","Sem1","Report 2"
"S8586727",5037,"T09","4/06/13 13:47",65,100,100,80,100,100,65,35,50,65,50,80,50,"65",70,"BIOM2011Sem1Report 2","BIOM2011","Sem1","Report 2"
"S8583053",5038,"T29","4/06/13 13:47",35,100,100,80,80,65,65,50,65,50,50,65,65,"65",64.25,"BIOM2011Sem1Report 2","BIOM2011","Sem1","Report 2"
"S8469129",5039,"T09","4/06/13 13:47",65,100,80,100,80,100,65,50,50,50,65,100,65,"65",69.75,"BIOM2011Sem1Report 2","BIOM2011","Sem1","Report 2"
"S8518663",5040,"T09","4/06/13 13:47",65,80,80,100,100,80,50,50,100,50,80,100,65,"65",70.5,"BIOM2011Sem1Report 2","BIOM2011","Sem1","Report 2"
"S8585503",5041,"T08","4/06/13 13:47",65,100,100,100,100,100,100,100,100,100,100,65,65,"80",92,"BIOM2011Sem1Report 2","BIOM2011","Sem1","Report 2"
"S8574911",5042,"T09","4/06/13 13:47",80,100,100,80,100,100,65,50,100,80,65,80,65,"100",81,"BIOM2011Sem1Report 2","BIOM2011","Sem1","Report 2"
"S8581571",5043,"T19","4/06/13 13:47",65,100,65,100,80,100,65,80,100,80,65,65,80,"80",78,"BIOM2011Sem1Report 2","BIOM2011","Sem1","Report 2"
"S8587847",5044,"T28","4/06/13 13:47",100,35,100,65,80,100,100,100,80,100,100,65,80,"80",89.25,"BIOM2011Sem1Report 2","BIOM2011","Sem1","Report 2"
"S8584077",5045,"T19","4/06/13 13:47",50,100,65,65,100,100,65,65,80,65,65,80,65,"80",71,"BIOM2011Sem1Report 2","BIOM2011","Sem1","Report 2"
"S8496539",5367,"T28","4/06/13 13:47",80,80,80,80,65,65,65,65,80,80,65,65,80,"80",74,"BIOM2011Sem1Report 2","BIOM2011","Sem1","Report 2"
"S8579547",5369,"T08","4/06/13 13:47",65,100,80,50,100,100,65,80,80,65,80,80,65,"65",74.75,"BIOM2011Sem1Report 2","BIOM2011","Sem1","Report 2"
"S8529621",5370,"T30","4/06/13 13:47",35,80,65,65,50,65,20,35,0,35,35,50,35,"50",42.25,"BIOM2011Sem1Report 2","BIOM2011","Sem1","Report 2"
"S8393353",5371,"T09","4/06/13 13:47",65,100,100,65,100,100,50,50,80,50,65,50,35,"80",67.75,"BIOM2011Sem1Report 2","BIOM2011","Sem1","Report 2"
"S8582195",5375,"T30","4/06/13 13:47",65,80,80,65,80,65,65,80,80,65,80,80,80,"80",73.25,"BIOM2011Sem1Report 2","BIOM2011","Sem1","Report 2"
"S8588741",5376,"T30","4/06/13 13:47",65,65,80,80,100,65,65,65,65,50,50,80,80,"80",68.25,"BIOM2011Sem1Report 2","BIOM2011","Sem1","Report 2"
"S8468457",5381,"T09","4/06/13 13:47",35,100,100,100,100,100,50,35,65,35,50,80,50,"80",63.5,"BIOM2011Sem1Report 2","BIOM2011","Sem1","Report 2"
"S8536957",5450,"T09","4/06/13 13:47",65,100,80,0,100,35,20,20,50,35,20,65,50,"35",46.5,"BIOM2011Sem1Report 2","BIOM2011","Sem1","Report 2"
"S8525231",5458,"T09","4/06/13 13:47",65,100,80,65,80,65,65,50,80,65,65,80,65,"100",70.75,"BIOM2011Sem1Report 2","BIOM2011","Sem1","Report 2"
"S8547953",5494,"T33","4/06/13 13:47",50,100,65,80,80,65,65,50,100,50,65,80,80,"100",68,"BIOM2011Sem1Report 2","BIOM2011","Sem1","Report 2"
"S8535223",5512,"T33","6/06/13 16:32",0,0,50,0,20,20,0,0,0,0,0,0,0,"0",7,"BIOM2011Sem1Report 2","BIOM2011","Sem1","Report 2"
"S8607681",5517,"T09","12/08/13 10:07",20,65,50,0,100,65,0,20,50,35,35,65,50,"80",39.75,"BIOM2011Sem1Report 2","BIOM2011","Sem1","Report 2"
"S8579731",8681,"T35","19/09/13 13:26",50,100,80,80,100,80,80,50,50,65,50,80,80,"80",70,"BIOM2011Sem2Report 1","BIOM2011","Sem2","Report 1"
"S8577287",8682,"T36","19/09/13 13:26",65,80,65,80,80,80,20,65,65,35,20,80,20,"35",55.25,"BIOM2011Sem2Report 1","BIOM2011","Sem2","Report 1"
"S8586053",8683,"T30","19/09/13 13:26",50,50,65,35,65,35,50,50,50,35,20,50,50,"50",47.75,"BIOM2011Sem2Report 1","BIOM2011","Sem2","Report 1"
"S8582337",8684,"T35","19/09/13 13:26",50,50,80,50,50,35,50,50,65,35,50,50,50,"50",51.5,"BIOM2011Sem2Report 1","BIOM2011","Sem2","Report 1"
"S8583557",8685,"T37","19/09/13 13:26",35,100,50,100,100,100,35,20,50,35,35,50,50,"65",51.75,"BIOM2011Sem2Report 1","BIOM2011","Sem2","Report 1"
"S8560941",8686,"T30","19/09/13 13:26",65,100,65,50,65,65,80,80,100,80,50,65,65,"65",71.5,"BIOM2011Sem2Report 1","BIOM2011","Sem2","Report 1"
"S8522699",8687,"T29","19/09/13 13:26",65,100,65,65,80,100,65,80,100,65,65,80,80,"100",75.75,"BIOM2011Sem2Report 1","BIOM2011","Sem2","Report 1"
"S8522305",8688,"T30","19/09/13 13:26",35,65,50,50,35,35,50,35,50,35,35,35,50,"65",43.25,"BIOM2011Sem2Report 1","BIOM2011","Sem2","Report 1"
"S8568505",8689,"T29","19/09/13 13:26",35,100,35,35,50,50,20,20,50,20,35,50,50,"35",37.5,"BIOM2011Sem2Report 1","BIOM2011","Sem2","Report 1"
"S8581211",8690,"T37","19/09/13 13:26",50,100,80,100,100,100,50,35,65,50,50,50,50,"65",63,"BIOM2011Sem2Report 1","BIOM2011","Sem2","Report 1"
"S8470217",8691,"T30","19/09/13 13:26",65,100,50,20,80,35,80,80,100,65,50,65,80,"80",67.75,"BIOM2011Sem2Report 1","BIOM2011","Sem2","Report 1"
"S8239027",8692,"T35","19/09/13 13:26",50,100,80,65,65,80,65,65,80,65,80,65,65,"80",69,"BIOM2011Sem2Report 1","BIOM2011","Sem2","Report 1"
"S8531973",8693,"T36","19/09/13 13:26",50,50,80,80,80,35,35,50,35,35,50,50,35,"50",50.75,"BIOM2011Sem2Report 1","BIOM2011","Sem2","Report 1"
"S8605993",8694,"T35","19/09/13 13:26",80,80,80,65,80,65,80,80,100,65,50,100,100,"100",79.5,"BIOM2011Sem2Report 1","BIOM2011","Sem2","Report 1"
"S8580175",8695,"T29","19/09/13 13:26",35,50,35,50,80,50,35,35,50,35,35,65,50,"65",44,"BIOM2011Sem2Report 1","BIOM2011","Sem2","Report 1"
"S8409209",8696,"T09","19/09/13 13:26",65,100,100,100,65,100,35,35,65,35,35,80,50,"65",63.25,"BIOM2011Sem2Report 1","BIOM2011","Sem2","Report 1"
"S8559519",8697,"T36","19/09/13 13:26",50,100,65,80,80,80,50,50,50,50,65,50,50,"65",60,"BIOM2011Sem2Report 1","BIOM2011","Sem2","Report 1"
"S8522785",8698,"T30","19/09/13 13:26",50,100,65,100,65,80,50,50,80,35,20,50,65,"65",58.75,"BIOM2011Sem2Report 1","BIOM2011","Sem2","Report 1"
"S8584681",8699,"T29","19/09/13 13:26",50,100,65,100,100,100,50,65,65,50,35,65,50,"80",65.25,"BIOM2011Sem2Report 1","BIOM2011","Sem2","Report 1"
"S8583875",8700,"T36","19/09/13 13:26",35,100,100,80,65,80,35,35,80,20,35,65,50,"100",57,"BIOM2011Sem2Report 1","BIOM2011","Sem2","Report 1"
"S8592729",8701,"T35","19/09/13 13:26",35,80,65,35,65,35,35,35,80,35,65,65,50,"65",49.25,"BIOM2011Sem2Report 1","BIOM2011","Sem2","Report 1"
"S8658567",8702,"T29","19/09/13 13:26",35,50,65,65,100,100,50,35,50,35,20,65,65,"80",53.5,"BIOM2011Sem2Report 1","BIOM2011","Sem2","Report 1"
"S8635385",8703,"T35","19/09/13 13:26",65,80,80,65,100,65,50,50,65,50,50,80,80,"80",66,"BIOM2011Sem2Report 1","BIOM2011","Sem2","Report 1"
"S8528659",8704,"T29","19/09/13 13:26",65,100,80,100,80,100,50,50,80,35,35,65,50,"65",65,"BIOM2011Sem2Report 1","BIOM2011","Sem2","Report 1"
"S8582837",8705,"T37","19/09/13 13:26",50,80,65,100,100,100,50,50,65,50,65,65,65,"65",64.25,"BIOM2011Sem2Report 1","BIOM2011","Sem2","Report 1"
"S8586207",8706,"T09","19/09/13 13:26",80,100,100,65,65,80,65,50,100,80,65,80,65,"80",76.5,"BIOM2011Sem2Report 1","BIOM2011","Sem2","Report 1"
"S8521007",8707,"T36","19/09/13 13:26",35,100,50,80,80,80,20,35,50,35,35,65,50,"80",50.25,"BIOM2011Sem2Report 1","BIOM2011","Sem2","Report 1"
"S8564929",8708,"T30","19/09/13 13:26",50,100,50,80,100,80,50,65,80,50,50,50,65,"80",63.25,"BIOM2011Sem2Report 1","BIOM2011","Sem2","Report 1"
"S8639969",8709,"T09","19/09/13 13:26",50,80,100,35,80,50,65,65,65,50,35,65,65,"50",61.75,"BIOM2011Sem2Report 1","BIOM2011","Sem2","Report 1"
"S8605999",8710,"T36","19/09/13 13:26",50,100,100,80,80,80,35,50,65,50,65,65,65,"65",64.25,"BIOM2011Sem2Report 1","BIOM2011","Sem2","Report 1"
"S8528959",8711,"T37","19/09/13 13:26",50,100,50,100,100,100,65,50,65,65,65,65,50,"80",66.75,"BIOM2011Sem2Report 1","BIOM2011","Sem2","Report 1"
"S8637641",8712,"T30","19/09/13 13:26",35,80,50,50,65,35,35,50,65,50,35,50,50,"65",48.5,"BIOM2011Sem2Report 1","BIOM2011","Sem2","Report 1"
"S8580059",8713,"T09","19/09/13 13:26",50,100,50,80,100,100,80,65,100,65,35,80,50,"80",69.75,"BIOM2011Sem2Report 1","BIOM2011","Sem2","Report 1"
"S8549911",8714,"T29","19/09/13 13:26",35,65,65,65,80,35,35,0,50,35,35,50,65,"65",44.25,"BIOM2011Sem2Report 1","BIOM2011","Sem2","Report 1"
"S8624445",8715,"T35","19/09/13 13:26",35,80,65,50,65,35,50,50,80,35,65,50,65,"65",53,"BIOM2011Sem2Report 1","BIOM2011","Sem2","Report 1"
"S8584831",8716,"T09","19/09/13 13:26",80,100,100,100,65,100,65,65,80,50,65,50,65,"80",75.25,"BIOM2011Sem2Report 1","BIOM2011","Sem2","Report 1"
"S8468597",8717,"T29","19/09/13 13:26",80,100,80,80,80,65,65,80,65,65,65,80,65,"65",74.25,"BIOM2011Sem2Report 1","BIOM2011","Sem2","Report 1"
"S8575723",8718,"T09","19/09/13 13:26",80,100,100,100,65,100,100,100,100,80,80,80,80,"100",90.25,"BIOM2011Sem2Report 1","BIOM2011","Sem2","Report 1"
"S8241553",8719,"T30","19/09/13 13:26",65,80,65,65,65,65,50,65,100,35,65,65,50,"80",63,"BIOM2011Sem2Report 1","BIOM2011","Sem2","Report 1"
"S8576795",8720,"T36","19/09/13 13:26",35,80,80,80,80,80,0,35,50,35,35,65,50,"65",49.5,"BIOM2011Sem2Report 1","BIOM2011","Sem2","Report 1"
"S8576773",8721,"T09","19/09/13 13:26",35,100,100,100,65,80,20,35,50,0,65,35,35,"50",49.75,"BIOM2011Sem2Report 1","BIOM2011","Sem2","Report 1"
"S8584841",8722,"T37","19/09/13 13:26",50,100,50,100,100,100,50,50,50,65,50,65,65,"65",63.75,"BIOM2011Sem2Report 1","BIOM2011","Sem2","Report 1"
"S8667711",8723,"T35","19/09/13 13:26",65,100,80,80,80,80,65,65,65,50,65,50,80,"80",69.75,"BIOM2011Sem2Report 1","BIOM2011","Sem2","Report 1"
"S8583165",8724,"T37","19/09/13 13:26",50,65,65,100,100,100,50,50,65,65,50,65,50,"65",63.5,"BIOM2011Sem2Report 1","BIOM2011","Sem2","Report 1"
"S8529435",8725,"T36","19/09/13 13:26",100,65,80,80,80,80,80,100,100,65,80,100,80,"65",84,"BIOM2011Sem2Report 1","BIOM2011","Sem2","Report 1"
"S8472219",8726,"T37","19/09/13 13:26",35,100,100,100,100,100,50,35,50,50,50,65,65,"65",63.5,"BIOM2011Sem2Report 1","BIOM2011","Sem2","Report 1"
"S8638537",8727,"T35","19/09/13 13:26",65,65,65,50,80,80,80,80,65,80,50,100,100,"100",74.75,"BIOM2011Sem2Report 1","BIOM2011","Sem2","Report 1"
"S8419713",8728,"T37","19/09/13 13:26",50,100,80,100,100,100,50,35,50,50,65,65,50,"65",63.75,"BIOM2011Sem2Report 1","BIOM2011","Sem2","Report 1"
"S8587825",8730,"T37","19/09/13 13:26",65,100,65,65,100,100,65,65,80,65,80,80,80,"80",74,"BIOM2011Sem2Report 1","BIOM2011","Sem2","Report 1"
"S8575513",8731,"T29","19/09/13 13:26",50,100,65,65,80,100,50,50,80,35,50,65,50,"80",61,"BIOM2011Sem2Report 1","BIOM2011","Sem2","Report 1"
"S8576411",8732,"T37","19/09/13 13:26",50,100,80,65,100,100,35,35,50,50,50,50,50,"50",58.25,"BIOM2011Sem2Report 1","BIOM2011","Sem2","Report 1"
"S8635285",8733,"T09","19/09/13 13:26",50,80,100,50,80,50,65,65,80,50,20,80,65,"65",64,"BIOM2011Sem2Report 1","BIOM2011","Sem2","Report 1"
"S8654517",8734,"T36","19/09/13 13:26",35,65,65,80,80,80,0,0,80,20,50,50,50,"35",42.25,"BIOM2011Sem2Report 1","BIOM2011","Sem2","Report 1"
"S8577935",8735,"T36","19/09/13 13:26",80,100,80,100,80,80,50,65,50,65,50,100,50,"80",72.5,"BIOM2011Sem2Report 1","BIOM2011","Sem2","Report 1"
"S8471835",8736,"T36","19/09/13 13:26",35,100,80,80,80,80,50,35,50,35,50,80,35,"65",56.25,"BIOM2011Sem2Report 1","BIOM2011","Sem2","Report 1"
"S8579733",8737,"T29","19/09/13 13:26",35,35,50,35,50,35,20,35,50,20,20,65,35,"65",37.25,"BIOM2011Sem2Report 1","BIOM2011","Sem2","Report 1"
"S8572377",8738,"T30","19/09/13 13:26",50,65,50,50,80,50,50,65,65,50,35,50,35,"50",53,"BIOM2011Sem2Report 1","BIOM2011","Sem2","Report 1"
"S8112239",8739,"T35","19/09/13 13:26",35,80,35,50,65,50,35,35,65,35,65,50,50,"65",46.25,"BIOM2011Sem2Report 1","BIOM2011","Sem2","Report 1"
"S8583249",8741,"T37","19/09/13 13:26",65,100,65,65,100,100,50,65,65,65,65,65,65,"65",68.75,"BIOM2011Sem2Report 1","BIOM2011","Sem2","Report 1"
"S8581099",8742,"T09","19/09/13 13:26",50,100,80,80,100,100,50,20,65,35,50,65,50,"65",59.75,"BIOM2011Sem2Report 1","BIOM2011","Sem2","Report 1"
"S8659403",8743,"T29","19/09/13 13:26",80,100,100,100,100,100,50,50,80,65,50,65,80,"100",77.25,"BIOM2011Sem2Report 1","BIOM2011","Sem2","Report 1"
"S8593047",8744,"T09","19/09/13 13:26",65,100,100,65,50,100,50,50,80,35,35,50,35,"80",63,"BIOM2011Sem2Report 1","BIOM2011","Sem2","Report 1"
"S8668771",8745,"T35","19/09/13 13:26",20,50,50,35,80,65,20,20,50,20,65,35,65,"65",39.5,"BIOM2011Sem2Report 1","BIOM2011","Sem2","Report 1"
"S8508855",8747,"T30","19/09/13 13:26",65,80,80,65,65,65,65,65,65,65,50,50,50,"65",65,"BIOM2011Sem2Report 1","BIOM2011","Sem2","Report 1"
"S8566867",8749,"T29","19/09/13 13:26",20,50,50,50,35,35,35,35,35,35,35,20,50,"35",35.75,"BIOM2011Sem2Report 1","BIOM2011","Sem2","Report 1"
"S8528461",8750,"T30","19/09/13 13:26",50,80,35,35,65,35,35,35,50,35,35,50,50,"50",44,"BIOM2011Sem2Report 1","BIOM2011","Sem2","Report 1"
"S8529919",8751,"T09","19/09/13 13:26",50,80,50,20,65,100,65,50,100,65,50,65,65,"65",61,"BIOM2011Sem2Report 1","BIOM2011","Sem2","Report 1"
"S8589129",8752,"T37","19/09/13 13:26",35,100,80,80,100,100,50,50,50,35,35,50,50,"N/A",55,"BIOM2011Sem2Report 1","BIOM2011","Sem2","Report 1"
"S8527413",8753,"T37","19/09/13 13:26",50,100,80,100,35,100,50,50,65,50,50,35,35,"65",59.75,"BIOM2011Sem2Report 1","BIOM2011","Sem2","Report 1"
"S8529621",8762,"T09","19/09/13 13:26",65,100,100,100,50,100,0,35,20,35,50,65,35,"65",56,"BIOM2011Sem2Report 1","BIOM2011","Sem2","Report 1"
"S8588003",8763,"T09","19/09/13 13:26",65,65,80,100,80,65,50,35,80,65,50,65,65,"80",65.25,"BIOM2011Sem2Report 1","BIOM2011","Sem2","Report 1"
"S8667675",8764,"T35","19/09/13 13:26",50,80,80,65,100,50,35,50,80,50,50,50,80,"100",61.75,"BIOM2011Sem2Report 1","BIOM2011","Sem2","Report 1"
"S8637921",8767,"T36","19/09/13 13:26",35,65,65,100,80,80,35,20,65,35,50,80,65,"65",53.25,"BIOM2011Sem2Report 1","BIOM2011","Sem2","Report 1"
"S8571161",8768,"T37","19/09/13 13:26",50,100,65,80,100,100,50,50,50,50,65,50,50,"65",62,"BIOM2011Sem2Report 1","BIOM2011","Sem2","Report 1"
"S8452823",8769,"T30","19/09/13 13:26",50,65,50,65,65,50,35,50,50,35,35,50,50,"50",48.5,"BIOM2011Sem2Report 1","BIOM2011","Sem2","Report 1"
"S8402471",8770,"T37","19/09/13 13:26",65,100,80,100,100,100,65,50,80,65,65,65,50,"65",72,"BIOM2011Sem2Report 1","BIOM2011","Sem2","Report 1"
"S8285971",8777,"T30","19/09/13 13:26",50,80,50,20,65,50,35,50,65,35,35,50,65,"65",49.25,"BIOM2011Sem2Report 1","BIOM2011","Sem2","Report 1"
"S8585237",8778,"T30","19/09/13 13:26",65,100,50,80,50,80,65,65,80,80,65,35,65,"65",66.75,"BIOM2011Sem2Report 1","BIOM2011","Sem2","Report 1"
"S8587869",8779,"T36","19/09/13 13:26",35,80,80,100,80,80,50,50,50,35,50,65,50,"100",59.5,"BIOM2011Sem2Report 1","BIOM2011","Sem2","Report 1"
"S8530747",8780,"T30","19/09/13 13:26",35,65,35,50,50,35,35,35,50,35,35,50,50,"65",41.75,"BIOM2011Sem2Report 1","BIOM2011","Sem2","Report 1"
"S8472709",8781,"T29","19/09/13 13:26",20,35,20,0,0,0,0,0,0,0,20,20,20,"50",12.25,"BIOM2011Sem2Report 1","BIOM2011","Sem2","Report 1"
"S8549773",8797,"T35","19/09/13 13:26",80,100,100,65,80,50,65,80,100,65,50,80,100,"100",79.25,"BIOM2011Sem2Report 1","BIOM2011","Sem2","Report 1"
"S8586065",9152,"T29","19/09/13 13:26",20,50,65,65,80,100,35,20,50,20,35,65,35,"65",44.25,"BIOM2011Sem2Report 1","BIOM2011","Sem2","Report 1"
"S8523045",9365,"T36","3/10/13 9:48",65,50,65,80,80,80,50,65,65,65,65,50,50,"50",62.75,"BIOM2011Sem2Report 1","BIOM2011","Sem2","Report 1"
"S8606083",9366,"T37","25/09/13 18:14",35,0,50,50,100,100,35,35,65,35,35,50,50,"65",46.5,"BIOM2011Sem2Report 1","BIOM2011","Sem2","Report 1"
"S8419713",10608,"T37","31/10/13 12:04",35,100,100,100,100,100,35,35,65,35,50,65,65,"65",61.25,"BIOM2011Sem2Report 2","BIOM2011","Sem2","Report 2"
"S8549773",10609,"T35","31/10/13 12:04",80,100,100,100,100,100,80,80,100,80,80,100,100,"100",90,"BIOM2011Sem2Report 2","BIOM2011","Sem2","Report 2"
"S8579731",10610,"T35","31/10/13 12:04",65,35,80,80,100,100,65,65,65,65,80,80,80,"80",72.25,"BIOM2011Sem2Report 2","BIOM2011","Sem2","Report 2"
"S8560941",10611,"T30","31/10/13 12:04",65,100,80,80,100,80,80,80,100,80,80,65,80,"80",80,"BIOM2011Sem2Report 2","BIOM2011","Sem2","Report 2"
"S8584841",10612,"T37","31/10/13 12:04",65,100,100,80,100,80,65,50,80,65,65,65,65,"65",72.75,"BIOM2011Sem2Report 2","BIOM2011","Sem2","Report 2"
"S8658567",10613,"T29","31/10/13 12:04",50,80,65,65,50,65,35,35,65,35,35,65,65,"80",53,"BIOM2011Sem2Report 2","BIOM2011","Sem2","Report 2"
"S8241553",10614,"T30","31/10/13 12:04",50,100,80,65,65,65,65,65,65,65,80,80,65,"80",68.25,"BIOM2011Sem2Report 2","BIOM2011","Sem2","Report 2"
"S8586053",10615,"T30","31/10/13 12:04",50,100,65,80,80,80,65,65,65,50,80,65,65,"80",66.75,"BIOM2011Sem2Report 2","BIOM2011","Sem2","Report 2"
"S8605993",10616,"T35","31/10/13 12:04",80,100,80,80,100,100,65,65,100,80,80,100,100,"100",84,"BIOM2011Sem2Report 2","BIOM2011","Sem2","Report 2"
"S8239027",10617,"T35","31/10/13 12:04",80,100,80,100,100,100,65,65,80,80,80,80,100,"100",83,"BIOM2011Sem2Report 2","BIOM2011","Sem2","Report 2"
"S8528959",10618,"T37","31/10/13 12:04",80,100,100,80,100,80,100,80,80,100,80,65,80,"80",87.25,"BIOM2011Sem2Report 2","BIOM2011","Sem2","Report 2"
"S8583165",10619,"T37","31/10/13 12:04",65,100,100,80,100,100,80,50,80,65,65,65,65,"65",75.25,"BIOM2011Sem2Report 2","BIOM2011","Sem2","Report 2"
"S8522699",10620,"T29","31/10/13 12:04",65,100,80,65,100,65,80,80,100,80,80,65,65,"80",77.75,"BIOM2011Sem2Report 2","BIOM2011","Sem2","Report 2"
"S8584831",10621,"T09","31/10/13 12:04",50,100,100,100,100,35,0,20,50,35,65,50,65,"65",54.5,"BIOM2011Sem2Report 2","BIOM2011","Sem2","Report 2"
"S8584681",10622,"T29","31/10/13 12:04",35,80,80,65,80,65,50,50,65,50,50,80,65,"80",59.75,"BIOM2011Sem2Report 2","BIOM2011","Sem2","Report 2"
"S8667675",10623,"T35","31/10/13 12:04",65,100,100,100,100,100,65,65,100,65,80,100,100,"100",83.25,"BIOM2011Sem2Report 2","BIOM2011","Sem2","Report 2"
"S8528659",10624,"T29","31/10/13 12:04",65,80,65,100,50,65,65,65,100,50,65,65,65,"100",68.75,"BIOM2011Sem2Report 2","BIOM2011","Sem2","Report 2"
"S8522785",10625,"T30","31/10/13 12:04",80,80,100,65,100,100,65,80,80,80,80,65,100,"80",82,"BIOM2011Sem2Report 2","BIOM2011","Sem2","Report 2"
"S8523045",10626,"T36","31/10/13 12:04",80,100,80,20,100,80,65,80,100,80,65,80,80,"80",77.75,"BIOM2011Sem2Report 2","BIOM2011","Sem2","Report 2"
"S8468597",10627,"T29","31/10/13 12:04",65,100,65,80,80,80,65,65,80,65,65,65,65,"65",69.75,"BIOM2011Sem2Report 2","BIOM2011","Sem2","Report 2"
"S8572377",10628,"T29","31/10/13 12:04",65,80,80,65,65,65,50,50,80,50,35,65,65,"65",62,"BIOM2011Sem2Report 2","BIOM2011","Sem2","Report 2"
"S8575723",10629,"T09","31/10/13 12:04",80,100,100,65,100,100,80,100,100,100,100,100,80,"100",92.25,"BIOM2011Sem2Report 2","BIOM2011","Sem2","Report 2"
"S8587825",10630,"T37","31/10/13 12:04",80,100,80,100,100,100,100,80,80,80,80,80,80,"80",86,"BIOM2011Sem2Report 2","BIOM2011","Sem2","Report 2"
"S8605999",10631,"T36","31/10/13 12:04",50,65,65,65,100,100,35,50,80,65,50,50,65,"80",61.75,"BIOM2011Sem2Report 2","BIOM2011","Sem2","Report 2"
"S8576795",10632,"T36","31/10/13 12:04",65,100,80,65,100,100,50,50,65,50,65,80,65,"100",69.75,"BIOM2011Sem2Report 2","BIOM2011","Sem2","Report 2"
"S8472219",10633,"T37","31/10/13 12:04",50,100,100,100,100,100,50,35,50,50,50,50,65,"65",65,"BIOM2011Sem2Report 2","BIOM2011","Sem2","Report 2"
"S8587869",10634,"T36","31/10/13 12:04",65,100,80,65,100,100,80,80,65,80,65,65,65,"80",77,"BIOM2011Sem2Report 2","BIOM2011","Sem2","Report 2"
"S8586207",10635,"T09","31/10/13 12:04",80,100,100,65,100,100,80,80,100,80,80,80,100,"50",84.75,"BIOM2011Sem2Report 2","BIOM2011","Sem2","Report 2"
"S8580059",10636,"T09","31/10/13 12:04",65,100,100,65,100,35,65,80,20,65,65,65,50,"80",69.75,"BIOM2011Sem2Report 2","BIOM2011","Sem2","Report 2"
"S8583557",10637,"T37","31/10/13 12:04",65,100,100,100,100,100,35,35,80,50,50,65,65,"65",68,"BIOM2011Sem2Report 2","BIOM2011","Sem2","Report 2"
"S8522305",10638,"T30","31/10/13 12:04",50,100,100,100,80,80,65,80,80,65,80,65,65,"80",75,"BIOM2011Sem2Report 2","BIOM2011","Sem2","Report 2"
"S8112239",10639,"T35","31/10/13 12:04",65,100,80,100,100,100,65,65,80,65,80,80,80,"80",77.25,"BIOM2011Sem2Report 2","BIOM2011","Sem2","Report 2"
"S8576411",10640,"T37","31/10/13 12:04",50,100,100,65,100,100,35,35,80,50,50,65,65,"65",64,"BIOM2011Sem2Report 2","BIOM2011","Sem2","Report 2"
"S8582837",10641,"T37","31/10/13 12:04",65,100,100,80,100,100,80,65,80,80,80,80,80,"80",81.25,"BIOM2011Sem2Report 2","BIOM2011","Sem2","Report 2"
"S8508855",10642,"T30","31/10/13 12:04",80,100,80,80,80,65,65,100,100,80,80,80,80,"80",81.75,"BIOM2011Sem2Report 2","BIOM2011","Sem2","Report 2"
"S8579733",10643,"T29","31/10/13 12:04",35,100,80,80,80,65,35,35,65,35,50,80,65,"50",55.5,"BIOM2011Sem2Report 2","BIOM2011","Sem2","Report 2"
"S8566867",10644,"T29","31/10/13 12:04",35,65,35,65,50,35,35,20,50,35,35,50,50,"50",40.25,"BIOM2011Sem2Report 2","BIOM2011","Sem2","Report 2"
"S8527413",10645,"T37","31/10/13 12:04",50,100,100,100,100,100,50,50,65,50,65,65,65,"65",68.75,"BIOM2011Sem2Report 2","BIOM2011","Sem2","Report 2"
"S8452823",10646,"T29","31/10/13 12:04",50,100,80,50,80,65,35,35,65,35,35,50,35,"50",52.5,"BIOM2011Sem2Report 2","BIOM2011","Sem2","Report 2"
"S8568505",10647,"T29","31/10/13 12:04",35,65,65,50,80,35,50,35,65,35,35,65,65,"50",49.25,"BIOM2011Sem2Report 2","BIOM2011","Sem2","Report 2"
"S8471835",10648,"T36","31/10/13 12:04",50,100,50,50,50,35,0,0,50,50,20,50,35,"65",40.25,"BIOM2011Sem2Report 2","BIOM2011","Sem2","Report 2"
"S8635385",10649,"T35","31/10/13 12:04",65,100,80,100,100,80,65,65,80,65,80,80,80,"80",76.25,"BIOM2011Sem2Report 2","BIOM2011","Sem2","Report 2"
"S8577935",10650,"T36","31/10/13 12:04",80,100,80,65,100,100,65,65,65,80,65,80,50,"65",75.5,"BIOM2011Sem2Report 2","BIOM2011","Sem2","Report 2"
"S8549911",10651,"T29","31/10/13 12:04",35,80,50,50,100,50,35,35,65,35,35,50,50,"80",48.75,"BIOM2011Sem2Report 2","BIOM2011","Sem2","Report 2"
"S8624445",10652,"T35","31/10/13 12:04",50,35,50,50,100,80,50,50,65,50,50,80,80,"80",58.5,"BIOM2011Sem2Report 2","BIOM2011","Sem2","Report 2"
"S8583875",10653,"T36","31/10/13 12:04",35,100,80,50,100,80,0,35,80,35,35,80,65,"80",53.75,"BIOM2011Sem2Report 2","BIOM2011","Sem2","Report 2"
"S8575513",10654,"T29","31/10/13 12:04",35,80,50,65,50,50,50,35,65,50,35,65,65,"65",50.75,"BIOM2011Sem2Report 2","BIOM2011","Sem2","Report 2"
"S8668771",10655,"T35","31/10/13 12:04",35,80,50,35,80,50,50,50,80,50,65,80,80,"80",56.75,"BIOM2011Sem2Report 2","BIOM2011","Sem2","Report 2"
"S8589129",10656,"T37","31/10/13 12:04",80,100,100,100,100,100,50,50,80,65,65,65,65,"65",75.5,"BIOM2011Sem2Report 2","BIOM2011","Sem2","Report 2"
"S8659403",10658,"T29","31/10/13 12:04",80,100,80,65,80,80,100,80,100,100,100,100,100,"100",89.25,"BIOM2011Sem2Report 2","BIOM2011","Sem2","Report 2"
"S8571161",10659,"T37","31/10/13 12:04",65,100,100,100,100,100,65,50,80,65,65,65,65,"65",74.75,"BIOM2011Sem2Report 2","BIOM2011","Sem2","Report 2"
"S8564929",10660,"T30","31/10/13 12:04",65,100,100,100,100,80,80,65,100,80,80,65,80,"80",81.5,"BIOM2011Sem2Report 2","BIOM2011","Sem2","Report 2"
"S8576773",10661,"T09","31/10/13 12:04",65,100,100,100,80,35,65,50,65,50,50,80,65,"80",69,"BIOM2011Sem2Report 2","BIOM2011","Sem2","Report 2"
"S8583249",10662,"T37","31/10/13 12:04",80,100,100,100,100,100,80,80,100,100,80,65,80,"80",88.25,"BIOM2011Sem2Report 2","BIOM2011","Sem2","Report 2"
"S8470217",10663,"T30","31/10/13 12:04",65,100,80,65,80,80,65,65,80,65,65,65,80,"80",72,"BIOM2011Sem2Report 2","BIOM2011","Sem2","Report 2"
"S8529435",10664,"T36","31/10/13 12:04",80,100,65,65,100,100,50,50,100,80,65,65,65,"80",73.5,"BIOM2011Sem2Report 2","BIOM2011","Sem2","Report 2"
"S8582337",10665,"T35","31/10/13 12:04",50,100,65,65,80,50,50,50,50,50,65,50,80,"80",60,"BIOM2011Sem2Report 2","BIOM2011","Sem2","Report 2"
"S8592729",10666,"T35","31/10/13 12:04",65,100,80,80,50,50,35,35,35,50,80,35,65,"65",57.75,"BIOM2011Sem2Report 2","BIOM2011","Sem2","Report 2"
"S8581099",10667,"T35","31/10/13 12:04",80,100,100,100,100,80,80,80,100,80,80,100,100,"80",88,"BIOM2011Sem2Report 2","BIOM2011","Sem2","Report 2"
"S8667711",10668,"T35","31/10/13 12:04",80,100,100,80,100,100,80,80,80,65,80,100,100,"100",86.5,"BIOM2011Sem2Report 2","BIOM2011","Sem2","Report 2"
"S8577287",10669,"T36","31/10/13 12:04",35,65,50,65,100,100,35,50,35,35,35,50,50,"65",50.5,"BIOM2011Sem2Report 2","BIOM2011","Sem2","Report 2"
"S8588003",10670,"T09","31/10/13 12:04",35,100,100,80,100,65,35,35,100,35,65,65,65,"80",61.75,"BIOM2011Sem2Report 2","BIOM2011","Sem2","Report 2"
"S8639969",10671,"T35","31/10/13 12:04",65,100,80,80,100,80,65,50,80,65,80,65,80,"80",73,"BIOM2011Sem2Report 2","BIOM2011","Sem2","Report 2"
"S8409209",10672,"T09","31/10/13 12:04",80,100,100,100,100,35,65,80,100,80,100,80,80,"80",83.25,"BIOM2011Sem2Report 2","BIOM2011","Sem2","Report 2"
"S8559519",10673,"T36","31/10/13 12:04",50,100,65,50,80,50,50,65,65,65,50,80,50,"65",61.5,"BIOM2011Sem2Report 2","BIOM2011","Sem2","Report 2"
"S8637641",10674,"T30","31/10/13 12:04",65,100,100,80,100,65,65,80,80,80,80,65,80,"80",78.75,"BIOM2011Sem2Report 2","BIOM2011","Sem2","Report 2"
"S8638537",10675,"T35","31/10/13 12:04",80,100,80,100,100,80,80,80,80,80,80,80,80,"100",84,"BIOM2011Sem2Report 2","BIOM2011","Sem2","Report 2"
"S8580175",10676,"T29","31/10/13 12:04",35,100,50,65,100,65,65,50,80,50,50,65,65,"80",60.25,"BIOM2011Sem2Report 2","BIOM2011","Sem2","Report 2"
"S8529919",10678,"T09","31/10/13 12:04",80,100,100,65,100,35,50,80,80,65,65,80,50,"80",74.25,"BIOM2011Sem2Report 2","BIOM2011","Sem2","Report 2"
"S8528461",10679,"T09","31/10/13 12:04",65,100,100,35,65,50,65,50,65,50,65,80,65,"65",65.75,"BIOM2011Sem2Report 2","BIOM2011","Sem2","Report 2"
"S8531973",10680,"T36","31/10/13 12:04",35,100,80,0,100,80,50,65,35,50,50,65,50,"65",57,"BIOM2011Sem2Report 2","BIOM2011","Sem2","Report 2"
"S8285971",10681,"T30","31/10/13 12:04",50,80,80,0,100,80,65,65,65,50,65,65,80,"80",64.25,"BIOM2011Sem2Report 2","BIOM2011","Sem2","Report 2"
"S8472709",10688,"T29","31/10/13 12:04",20,65,65,0,50,0,0,0,0,20,20,20,50,"35",23.5,"BIOM2011Sem2Report 2","BIOM2011","Sem2","Report 2"
"S8593047",10689,"T09","31/10/13 12:04",65,100,100,100,80,35,50,50,80,65,80,80,50,"80",70.5,"BIOM2011Sem2Report 2","BIOM2011","Sem2","Report 2"
"S8581211",10690,"T36","31/10/13 12:04",80,80,65,65,100,100,50,65,80,80,50,65,65,"50",70.75,"BIOM2011Sem2Report 2","BIOM2011","Sem2","Report 2"
"S8606083",10691,"T37","31/10/13 12:04",65,100,100,100,100,100,80,65,65,80,65,65,50,"65",77.75,"BIOM2011Sem2Report 2","BIOM2011","Sem2","Report 2"
"S8577989",10693,"T36","31/10/13 12:04",35,50,65,100,80,80,0,50,50,35,50,65,65,"80",51.25,"BIOM2011Sem2Report 2","BIOM2011","Sem2","Report 2"
"S8514505",10707,"T30","31/10/13 12:04",50,100,80,65,80,100,65,65,80,65,65,50,80,"65",69.25,"BIOM2011Sem2Report 2","BIOM2011","Sem2","Report 2"
"S8586065",10708,"T29","1/11/13 9:54",50,100,65,0,100,50,0,0,80,35,35,50,50,"80",44.75,"BIOM2011Sem2Report 2","BIOM2011","Sem2","Report 2"
"S8635285",10711,"T35","4/11/13 5:11",65,100,80,80,65,100,80,65,80,65,65,80,65,"50",73,"BIOM2011Sem2Report 2","BIOM2011","Sem2","Report 2"
