"StudentID","Report 0","Report 1","Report 2","Report 3"
"S8013163",0,88,69,92
"S8110327",73,81,88,83
"S8112187",0,86.75,61.5,0
"S8159757",0,83,88,96
"S8199113",0,83,90,71
"S8230417",0,83,92,83
"S8233701",80,85,94,88
"S8234819",75,69,73,81
"S8236749",82,94,0,0
"S8239027",0,69,83,0
"S8240447",0,79,96,88
"S8241553",0,63,68.25,0
"S8242993",0,70.75,82.25,0
"S8243177",0,73,62,88
"S8243861",0,65,56,90
"S8243911",50,79,92,79
"S8244607",66,81,81,69
"S8265503",0,46,60,58
"S8282157",0,46,75.75,0
"S8283853",0,65,81,81
"S8286113",0,88,83,100
"S8286709",0,71,77,69
"S8287253",64,77,81,92
"S8288085",0,71,85,81
"S8288655",0,58.75,57.75,0
"S8288857",0,61.75,75.5,0
"S8345077",48,69,69,96
"S8349949",73,42,50,75
"S8350395",0,77,52,0
"S8352301",41,0,0,0
"S8353095",0,71,92,94
"S8354115",0,76.25,83.75,0
"S8357111",0,70.75,38.5,0
"S8358393",0,64.75,80,0
"S8358653",0,73.5,85,0
"S8375791",0,65,79,79
"S8377019",0,67,71,81
"S8378431",0,90,92,90
"S8386049",0,59.5,67.5,0
"S8393353",0,58,67.75,0
"S8393733",80,94.5,55.5,65
"S8395315",0,0,81,67
"S8395953",0,85,77,81
"S8396315",0,42,0,0
"S8401051",0,77,81,85
"S8401725",0,71,78,0
"S8401995",0,43.75,52.5,0
"S8402295",70,77,79,81
"S8402471",0,72,0,0
"S8404103",0,73,94,92
"S8405073",0,63.25,69.25,0
"S8405787",0,92,90,92
"S8406211",0,69,90,90
"S8406251",0,50,77.5,0
"S8407219",0,40,0,0
"S8408443",64,79,90,94
"S8408593",0,0,65,0
"S8409209",0,63.25,83.25,0
"S8409235",48,75,85,0
"S8411331",0,56,0,0
"S8412417",0,71,65,79
"S8412939",82,60,90,92
"S8419165",0,75,0,0
"S8419401",82,83,58,0
"S8419713",0,63.75,61.25,0
"S8421487",89,90,85,94
"S8434173",0,94,0,92
"S8434511",0,78.5,66,0
"S8438811",0,73,0,83
"S8440585",80,81,85,79
"S8440997",0,52.25,0,0
"S8452823",0,48.5,52.5,0
"S8456015",0,66.25,50,0
"S8456363",0,24.25,51.75,0
"S8458433",0,38.75,57,0
"S8458723",0,76,82.75,0
"S8459765",0,42,0,0
"S8461197",0,54,40,56
"S8463437",0,88,0,79
"S8465383",0,45.25,56.75,0
"S8465969",77,90,88,81
"S8466385",0,39,58.5,0
"S8466901",0,85,98,96
"S8467117",0,46.25,0,0
"S8467383",0,69,85,73
"S8467459",0,88,94,94
"S8467537",0,66.75,72.25,0
"S8468001",0,58,83,98
"S8468213",0,98,90,79
"S8468457",0,50.75,63.5,0
"S8468597",0,74.25,69.75,0
"S8468599",0,79,96,94
"S8468811",0,67,71,71
"S8469129",0,60.75,69.75,0
"S8469311",0,50,85,67
"S8469393",0,79,92,94
"S8469617",86,67,75,88
"S8470877",0,71,79,85
"S8471011",0,85,98,96
"S8471349",0,88,96,92
"S8471431",0,0,81,0
"S8471835",0,56.25,40.25,0
"S8472157",55,0,0,0
"S8472219",0,63.5,65,0
"S8472529",52,73,79,94
"S8472709",0,12.25,23.5,0
"S8473159",0,69,92,79
"S8473175",0,94,85,88
"S8473277",0,50,54.5,0
"S8473399",0,67,88,90
"S8473749",0,47.5,76,0
"S8474175",0,0,28.25,0
"S8474623",73,90,79,85
"S8475495",0,81,0,0
"S8475961",0,49.5,52.25,0
"S8479313",0,67,90,92
"S8492693",0,62.25,0,0
"S8492893",0,69,75,75
"S8492895",0,99,72,0
"S8496455",0,53.75,80.5,0
"S8496519",0,92,0,0
"S8496539",0,71.25,74,0
"S8497039",0,37.5,94,0
"S8497727",0,92,94,100
"S8500505",50,77,71,83
"S8508855",0,65,81.75,0
"S8510981",0,71,61.25,0
"S8514165",68,71,73,73
"S8514393",0,0,43.5,0
"S8514505",0,0,69.25,0
"S8514657",0,44,90,94
"S8515233",0,85.5,91.25,0
"S8516015",0,77,98,98
"S8516021",0,75,80.75,0
"S8517001",0,63,75.5,0
"S8517757",0,66.5,73,0
"S8518663",0,50,70.5,0
"S8518775",68,81,69,94
"S8521007",0,50.25,0,0
"S8522305",0,43.25,75,0
"S8522699",0,75.75,77.75,0
"S8522707",68,73,0,81
"S8522735",89,71,88,92
"S8522785",0,58.75,82,0
"S8522963",0,67.75,70,0
"S8523451",93,92,92,92
"S8523503",0,60.5,75.5,0
"S8523551",59,73,65,90
"S8524681",0,77,19,75
"S8524785",82,69,83,94
"S8524901",0,73.25,71.25,0
"S8525047",0,51.75,69.75,0
"S8525121",0,52,79,96
"S8525231",0,54.25,70.75,0
"S8525291",0,54.75,76.5,0
"S8525405",45,88,98,88
"S8525469",0,81,85,100
"S8525581",0,52,69,79
"S8526001",0,65,77,75
"S8526059",0,81,79,77
"S8526409",57,73,83,81
"S8526807",0,45.75,70.75,0
"S8527007",70,71,75,88
"S8527279",0,87.75,82.5,0
"S8527413",0,59.75,68.75,0
"S8527477",0,65.5,75.25,0
"S8527483",57,81,92,0
"S8527661",0,56,72,0
"S8528077",66,75,83,90
"S8528555",0,90,85,90
"S8528659",0,65,68.75,0
"S8528959",0,66.75,87.25,0
"S8529073",41,65,77,79
"S8529233",0,85,79,90
"S8529621",0,100,42.25,0
"S8529919",0,61,74.25,0
"S8530189",0,77.25,84.25,0
"S8530361",0,70.5,71.5,0
"S8530473",0,58,60.5,0
"S8530557",0,62.75,86.25,0
"S8530961",0,61.25,60.75,0
"S8531381",0,48,62.75,0
"S8531393",84,88,94,90
"S8531397",89,75,81,85
"S8531435",0,0,62,0
"S8531451",0,62,71,58
"S8531527",0,75,58,60
"S8531973",0,50.75,57,0
"S8532163",0,58.5,60.5,0
"S8532305",0,71.75,72,0
"S8532807",0,58.25,45.5,0
"S8532831",0,77,92,75
"S8533063",61,75,83,79
"S8533837",0,77,75,0
"S8533845",64,83,81,92
"S8533943",0,73,94,0
"S8534169",86,83,92,98
"S8534399",59,77,75,81
"S8534409",0,47.75,48.5,0
"S8534493",61,75,92,85
"S8534541",0,62,60,42
"S8535021",0,71.25,61,0
"S8535091",0,54,71,69
"S8535223",0,32,7,0
"S8535537",0,60,58.75,0
"S8535705",0,67.75,61.25,0
"S8535761",0,66.25,74.75,0
"S8536815",0,0,71,73
"S8536879",0,54.5,59.5,0
"S8536957",0,28,46.5,0
"S8537437",0,83,90,88
"S8538157",0,51,65.5,0
"S8538277",52,75,92,81
"S8542895",0,83,94,94
"S8542919",0,62,75.25,0
"S8546995",68,92,90,88
"S8547953",0,59.5,68,0
"S8548067",0,23,31.5,0
"S8549773",0,79.25,90,0
"S8549911",0,77.75,91.25,0
"S8550039",68,71,92,90
"S8550323",0,40.25,69.25,0
"S8550417",61,88,98,96
"S8550483",0,77,69,83
"S8550529",70,58,94,90
"S8550545",0,77,88,88
"S8551691",0,41.75,68.75,0
"S8552367",0,65,92,92
"S8552401",68,69,65,85
"S8556233",0,74.75,71.75,0
"S8560941",0,71.5,80,0
"S8562839",52,77,75,94
"S8563497",73,92,85,92
"S8563733",0,60,68.25,0
"S8563805",0,42.5,45,0
"S8564119",75,73,81,85
"S8564663",0,75,71,81
"S8564929",0,63.25,81.5,0
"S8565137",73,88,83,90
"S8566047",59,0,90,94
"S8566073",0,60,75,0
"S8566611",0,59.75,79.25,0
"S8566849",0,41,57,0
"S8566867",0,88.25,94.75,0
"S8567033",0,37.25,56.75,0
"S8567051",75,67,75,83
"S8568197",0,56.25,65.75,0
"S8568395",0,54,85,81
"S8568505",0,37.5,49.25,0
"S8568717",77,81,67,77
"S8568723",0,83,94,100
"S8568767",0,81,92,88
"S8568775",0,71,88,81
"S8568785",0,90,88,92
"S8568841",0,77,98,79
"S8568859",0,67,94,92
"S8568873",0,79,90,73
"S8568895",0,79,73,88
"S8568937",0,69,94,92
"S8568961",0,79,98,96
"S8568967",0,94,94,88
"S8568989",0,52,65,83
"S8569297",0,69,92,73
"S8569389",0,81,69,83
"S8569461",0,81,88,85
"S8569481",84,92,92,96
"S8569489",0,88,96,100
"S8569507",0,81,90,88
"S8569771",0,73,92,100
"S8570207",0,75,52.25,0
"S8570275",0,81,90,88
"S8570477",0,66.25,68,0
"S8571161",0,62,74.75,0
"S8571187",0,63,76.5,0
"S8571247",0,67,71,77
"S8571599",0,85,90,88
"S8571601",73,0,0,0
"S8571609",0,62,81,73
"S8572003",66,69,88,81
"S8572329",0,71,65,81
"S8572377",0,53,62,0
"S8572813",55,58,56,0
"S8572981",73,75,96,83
"S8573027",68,67,81,85
"S8574607",0,70,84.25,0
"S8574613",0,42.75,53.75,0
"S8574911",0,47.75,81,0
"S8575039",0,74,74,0
"S8575041",57,81,19,75
"S8575171",0,54.5,70.25,0
"S8575311",0,47.75,67.75,0
"S8575395",61,92,98,88
"S8575513",0,61,50.75,0
"S8575597",0,60,0,90
"S8575679",0,67,73,67
"S8575681",0,48,75,75
"S8575693",0,71.25,83.25,0
"S8575723",0,90.25,92.25,0
"S8575753",0,73,90,0
"S8575863",0,60,52,48
"S8575925",0,51.5,77,0
"S8575941",0,50.75,70.25,0
"S8575977",0,65,59.75,0
"S8576023",0,75,75,69
"S8576127",0,72.25,64.75,0
"S8576147",66,71,75,75
"S8576175",0,68.75,75,0
"S8576295",0,61.5,79.25,0
"S8576405",0,88.75,71.25,0
"S8576407",70,85,73,88
"S8576411",0,58.25,64,0
"S8576417",0,77,85,88
"S8576429",0,75,58,0
"S8576443",61,44,98,85
"S8576649",0,67,83,79
"S8576659",0,97,72.5,0
"S8576713",0,46,44,90
"S8576773",0,49.75,69,0
"S8576779",70,77,90,92
"S8576795",0,49.5,69.75,0
"S8576823",80,83,94,88
"S8576833",68,88,88,88
"S8576851",0,63.5,63.5,0
"S8576965",73,81,92,92
"S8576993",0,75.25,69,0
"S8577053",61,65,62,62
"S8577063",50,56,85,94
"S8577127",0,58.75,67.5,0
"S8577203",61,58,88,83
"S8577231",75,77,81,94
"S8577287",0,81.5,99.25,0
"S8577303",0,79.5,79,0
"S8577309",0,74.75,73.25,0
"S8577419",0,92,81,98
"S8577439",59,77,67,88
"S8577441",0,90,75,0
"S8577607",52,75,62,79
"S8577631",0,0,77.5,0
"S8577723",0,44.75,66.75,0
"S8577743",57,88,77,88
"S8577771",0,83,0,0
"S8577791",80,77,85,98
"S8577935",0,72.5,75.5,0
"S8577989",0,0,51.25,0
"S8578079",0,43.75,62.25,0
"S8578171",0,81,77,83
"S8578397",0,57.5,64.75,0
"S8578403",0,75,83.5,0
"S8578527",0,50.75,73,0
"S8578535",0,72.25,83.75,0
"S8578567",0,0,73,69
"S8578667",0,85,73,90
"S8578677",0,60,92,98
"S8578683",0,83,92,77
"S8578757",0,56.75,55.75,0
"S8578783",0,57,74.5,0
"S8578817",70,79,60,42
"S8578821",0,69.5,91.25,0
"S8578885",0,78.75,68.5,0
"S8578911",0,75.25,82,0
"S8578937",84,71,90,94
"S8578943",0,62.25,73.5,0
"S8579027",0,71,77,92
"S8579033",0,73,81,75
"S8579073",0,74,73,0
"S8579079",0,83,96,94
"S8579205",0,78,76.75,0
"S8579223",0,44.75,60.5,0
"S8579225",0,76,73.25,0
"S8579313",0,75,81.5,0
"S8579327",0,65,69,69
"S8579423",0,78.25,95,0
"S8579457",77,88,77,92
"S8579545",0,39.25,43,0
"S8579547",0,78,74.75,0
"S8579637",0,67,85.75,0
"S8579745",0,41.75,61,0
"S8579773",0,54,62,83
"S8579793",0,76.75,81.25,0
"S8579837",34,88,88,88
"S8579853",0,64.75,82.25,0
"S8579953",0,84.75,92.5,0
"S8579973",0,64,64.5,0
"S8579995",0,83,90,94
"S8580053",84,77,79,92
"S8580105",0,85,83,92
"S8580137",0,90,90,96
"S8580159",0,64.75,68.25,0
"S8580175",0,44,60.25,0
"S8580193",0,44.75,64,0
"S8580209",0,71,73,0
"S8580223",0,66,66.5,0
"S8580303",0,56.75,69.5,0
"S8580361",0,62.5,84.25,0
"S8580399",0,76.25,73.25,0
"S8580417",55,48,46,65
"S8580593",0,71.25,72.5,0
"S8580595",0,53,87.25,0
"S8580597",73,88,85,83
"S8580759",0,73,85,94
"S8580779",75,79,90,83
"S8580813",70,71,92,90
"S8580849",0,88,96,96
"S8580869",0,46.25,74.75,0
"S8580939",73,46,56,60
"S8580967",0,61.25,76.25,0
"S8581053",0,75,73,94
"S8581099",0,59.75,88,0
"S8581179",0,77,85,96
"S8581181",0,42,71,67
"S8581209",66,77,71,69
"S8581211",0,63,70.75,0
"S8581235",0,53.25,70.75,0
"S8581241",0,37,65,0
"S8581449",0,69,88,81
"S8581505",0,42.5,68.5,0
"S8581563",70,65,71,75
"S8581571",0,65.25,78,0
"S8581667",0,82,93,0
"S8581691",0,74,54.75,0
"S8581749",70,94,94,98
"S8581785",0,66.75,85,0
"S8581807",0,33,54.75,0
"S8581813",0,69,83,79
"S8581873",0,67,93,0
"S8581883",0,58,81,92
"S8581945",0,67,93.25,0
"S8581957",0,71,0,71
"S8581963",0,77.25,82.75,0
"S8582135",0,85,90,92
"S8582195",0,62,73.25,0
"S8582201",0,36.5,60.25,0
"S8582337",0,51.5,60,0
"S8582385",80,94,0,98
"S8582439",91,90,85,88
"S8582443",95,94,100,96
"S8582459",0,67,71,83
"S8582581",77,73,67,71
"S8582651",0,60.5,69.5,0
"S8582671",0,77,98,100
"S8582679",55,77,94,94
"S8582683",0,73,88,92
"S8582703",73,88,81,92
"S8582755",0,73,75,81
"S8582837",0,64.25,81.25,0
"S8582971",0,77,0,81
"S8583053",0,44,64.25,0
"S8583165",0,63.5,75.25,0
"S8583177",0,81,90,90
"S8583249",0,68.75,88.25,0
"S8583261",61,88,85,98
"S8583279",82,85,100,88
"S8583285",0,46,0,0
"S8583291",0,63.75,85.5,0
"S8583305",0,61.75,68.5,0
"S8583385",0,59.5,85,0
"S8583463",0,88,81,88
"S8583465",0,60.5,72.75,0
"S8583591",0,73,0,100
"S8583641",0,71,77.25,0
"S8583741",0,65,75,77
"S8583779",0,51.75,52.25,0
"S8583787",0,75,88,81
"S8583795",0,71.5,43.75,0
"S8583847",0,73.5,80.5,0
"S8583875",0,57,53.75,0
"S8583931",0,88,92,94
"S8583963",77,73,92,88
"S8584077",0,70.5,71,0
"S8584203",0,83,90,100
"S8584217",0,67.25,88,0
"S8584231",0,65,38,62
"S8584233",64,77,90,88
"S8584243",0,75,69,60
"S8584299",0,71,83,69
"S8584303",0,59.25,97,0
"S8584333",0,79,94,92
"S8584619",0,0,0,85
"S8584785",0,56.75,71.5,0
"S8584829",57,73,85,79
"S8584831",0,75.25,54.5,0
"S8584841",0,63.75,72.75,0
"S8584921",66,85,88,88
"S8584975",73,58,73,81
"S8585081",0,62.75,89,0
"S8585105",0,60.75,77.25,0
"S8585237",0,66.75,0,0
"S8585269",55,67,81,73
"S8585427",57,67,0,0
"S8585441",75,77,92,96
"S8585485",0,81,100,96
"S8585503",0,84.75,92,0
"S8585693",0,56.25,59,0
"S8585829",66,81,88,98
"S8585875",59,73,54,62
"S8585881",68,56,0,85
"S8585907",84,85,90,94
"S8585921",0,44.75,69.25,0
"S8585961",0,67,69,67
"S8586021",82,62,69,90
"S8586041",66,81,73,35
"S8586053",0,47.75,66.75,0
"S8586097",0,0,25,0
"S8586119",0,69,65,79
"S8586153",0,65,90.5,0
"S8586205",48,67,90,83
"S8586207",0,76.5,84.75,0
"S8586403",0,47.5,62.75,0
"S8586423",0,44,58,73
"S8586437",0,58.75,66.5,0
"S8586447",64,81,85,90
"S8586471",57,56,0,52
"S8586507",0,69,72.5,0
"S8586563",0,57,64.25,0
"S8586619",0,0,58.5,0
"S8586659",0,64.75,89,0
"S8586667",0,58,71,65
"S8586675",0,88,90,96
"S8586727",0,49.5,70,0
"S8586735",66,75,94,83
"S8586831",68,48,85,96
"S8586849",0,79,73,83
"S8586867",77,0,88,81
"S8586901",0,72,74.5,0
"S8586949",0,63.75,73.25,0
"S8587161",0,75,0,71
"S8587235",0,54.75,82.5,0
"S8587341",61,62,94,90
"S8587345",73,56,83,90
"S8587353",0,83,94,90
"S8587441",57,69,69,81
"S8587563",86,85,88,92
"S8587633",0,84.75,89,0
"S8587651",0,39.5,78.25,0
"S8587675",70,52,58,88
"S8587685",0,73,80,0
"S8587705",0,80.5,87.75,0
"S8587773",0,44,56,60
"S8587825",0,74,86,0
"S8587847",0,69.5,89.25,0
"S8587869",0,59.5,77,0
"S8587875",0,77,75,79
"S8587929",64,65,88,94
"S8587975",0,58.25,91.25,0
"S8587977",0,80,95.25,0
"S8588003",0,65.25,61.75,0
"S8588005",0,69,90,96
"S8588015",0,35.75,66.5,0
"S8588109",0,59.25,67.5,0
"S8588221",0,57.5,80.5,0
"S8588255",0,57.75,72.5,0
"S8588313",0,56,73,83
"S8588339",0,83.25,89,0
"S8588375",0,78.75,82,0
"S8588449",0,89.25,76,0
"S8588531",0,58,79,58
"S8588589",43,67,90,88
"S8588691",0,77,81,81
"S8588741",0,53.25,68.25,0
"S8588851",0,69,73,75
"S8588893",0,38.75,62.75,0
"S8589029",89,75,65,73
"S8589447",0,46.75,60,0
"S8589495",80,75,81,58
"S8589861",0,79,85,98
"S8590485",0,90,77,73
"S8591893",0,63.5,66.25,0
"S8591953",0,79,88,85
"S8592005",0,65,69,50
"S8592729",0,49.25,57.75,0
"S8592795",0,67.25,70.25,0
"S8592817",84,83,81,85
"S8593047",0,63,70.5,0
"S8593123",84,88,92,92
"S8593265",0,69.5,77,0
"S8593273",50,83,75,96
"S8593277",0,79,88,0
"S8593279",0,67.75,78,0
"S8593321",75,75,90,96
"S8593529",0,56,65,0
"S8594143",0,40.25,52.25,0
"S8595015",0,83,94,88
"S8595075",0,66.25,65,0
"S8597237",0,71,60,73
"S8597563",73,85,96,88
"S8597839",0,88,98,94
"S8597903",0,43.25,62.75,0
"S8598663",0,88,98,94
"S8600241",0,85.25,74.25,0
"S8600351",0,53,63.5,0
"S8600971",59,83,79,88
"S8602427",68,60,85,77
"S8602433",57,46,65,58
"S8602701",0,79,75,75
"S8602821",0,38.75,51.75,0
"S8603249",0,88,90,90
"S8603887",0,77,81,90
"S8604007",64,83,85,96
"S8605831",73,77,90,96
"S8605991",80,67,79,85
"S8605993",0,79.5,84,0
"S8605999",0,64.25,61.75,0
"S8606083",0,84,77.75,0
"S8606087",77,0,92,94
"S8606153",0,75,0,0
"S8606169",0,63.5,93.25,0
"S8606201",0,58,90,90
"S8606245",68,67,79,83
"S8606297",50,71,83,85
"S8606503",0,88,83,92
"S8606739",64,71,81,96
"S8606795",0,52,33,52
"S8606917",73,81,88,90
"S8606925",80,60,88,79
"S8607057",0,52,42,65
"S8607105",52,54,83,90
"S8607175",0,62,88,67
"S8607513",48,67,75,92
"S8607681",0,51.5,39.75,0
"S8607879",0,79,83,27
"S8607887",77,90,88,94
"S8607923",75,94,98,0
"S8608219",59,54,92,98
"S8608903",0,79.75,72.75,0
"S8609083",50,54,94,71
"S8610101",66,0,0,0
"S8610381",61,50,88,94
"S8611131",52,67,79,94
"S8612039",0,77,77,71
"S8612109",59,46,98,127
"S8612111",77,75,88,94
"S8612395",73,79,79,79
"S8612937",57,48,85,96
"S8613421",61,79,85,85
"S8613989",73,75,88,83
"S8614359",0,56,77,88
"S8614735",0,85,67,83
"S8614939",0,71,79,90
"S8615041",0,77,88,88
"S8615615",0,90,79,94
"S8616037",0,81,88,85
"S8616467",0,77,81,92
"S8617071",0,77,81,88
"S8617163",0,79,94,94
"S8618633",0,62,81,81
"S8619261",0,67,90,94
"S8619457",0,66.5,65.75,0
"S8619531",0,43.75,76.25,0
"S8619553",50,69,79,79
"S8620197",77,81,67,79
"S8623861",0,60,71,75
"S8623875",32,48,62,79
"S8623891",68,77,83,79
"S8623897",0,62,42,71
"S8623949",80,79,90,81
"S8623969",0,73,75,77
"S8624017",77,77,81,75
"S8624045",39,81,85,92
"S8624057",0,60,83,67
"S8624059",52,62,81,92
"S8624165",0,73,77,85
"S8624189",68,67,79,77
"S8624195",0,62,77,71
"S8624219",0,60,60,75
"S8624225",86,90,94,92
"S8624271",64,92,81,83
"S8624305",0,60,54,77
"S8624309",0,54,77,92
"S8624319",0,77,81,98
"S8624349",55,65,65,62
"S8624377",0,77,81,71
"S8624379",0,48,60,75
"S8624445",0,53,58.5,0
"S8625845",82,62,81,94
"S8626437",86,79,94,98
"S8626471",61,50,79,83
"S8626487",0,92,92,92
"S8626517",0,88,94,100
"S8626559",57,79,75,75
"S8626611",95,98,88,94
"S8626635",68,81,88,85
"S8626665",0,65,88,88
"S8626689",0,88,75,90
"S8626753",0,65,75,75
"S8626781",0,81,90,92
"S8626807",66,71,65,71
"S8626835",0,62,83,90
"S8626875",0,81,83,92
"S8626879",0,65,71,83
"S8626901",0,60,71,0
"S8626951",0,67,85,92
"S8627021",0,88,83,81
"S8627057",0,67,79,81
"S8627081",0,85,90,92
"S8627133",75,67,81,90
"S8627139",0,88,92,90
"S8627229",77,71,77,65
"S8627305",0,81,94,94
"S8627443",0,69,75,69
"S8627489",59,71,85,71
"S8627509",39,71,60,88
"S8627535",59,75,92,88
"S8627665",0,65,81,98
"S8627675",61,73,0,0
"S8627685",64,44,46,46
"S8629929",0,58,62,56
"S8629983",68,65,69,65
"S8630007",59,52,75,88
"S8630049",0,42,62,71
"S8630075",34,75,56,71
"S8630113",0,69,88,0
"S8630199",66,79,90,73
"S8630271",0,90,92,90
"S8630315",0,83,98,94
"S8630317",61,38,54,54
"S8630353",89,73,92,96
"S8630433",0,0,65,67
"S8630445",70,90,96,96
"S8630483",89,100,98,96
"S8630507",0,75,79,75
"S8630553",57,90,98,98
"S8630591",77,88,94,100
"S8630711",73,79,94,92
"S8630759",59,90,88,96
"S8630877",52,73,88,90
"S8632031",86,81,92,83
"S8632119",0,75,71,81
"S8632183",55,71,73,96
"S8632803",82,83,81,62
"S8632837",66,54,54,62
"S8632889",0,65,69,60
"S8632907",0,75,88,98
"S8632935",0,52,92,94
"S8632937",64,69,79,77
"S8632951",50,50,79,71
"S8632985",0,75,77,96
"S8632991",0,83,94,96
"S8632995",0,85,88,79
"S8633021",73,56,67,90
"S8633041",0,92,83,88
"S8633051",89,79,71,73
"S8633069",0,71,83,77
"S8633079",0,62,73,85
"S8633091",0,83,73,73
"S8633107",0,46,79,83
"S8633139",0,73,79,90
"S8633145",0,67,75,88
"S8633149",70,0,48,62
"S8633241",0,71,60,79
"S8633257",0,88,92,94
"S8633309",70,75,77,90
"S8633325",0,67,88,83
"S8633343",0,52,67,75
"S8633369",86,79,96,98
"S8633373",0,69,65,79
"S8633391",48,75,79,94
"S8633423",68,79,65,56
"S8633475",73,71,71,85
"S8633479",52,0,0,0
"S8633493",0,58,67,79
"S8633519",0,85,83,90
"S8633543",0,79,88,88
"S8633549",0,58,58,71
"S8633583",0,75,77,54
"S8633593",55,56,81,85
"S8633601",80,77,88,79
"S8633611",57,50,71,0
"S8633645",0,88,88,88
"S8633665",75,52,62,60
"S8633673",0,62,62,88
"S8633703",0,50,0,79
"S8633727",80,83,90,90
"S8633755",70,77,0,81
"S8633759",0,71,88,81
"S8633761",0,81,83,96
"S8633779",0,73,79,92
"S8633781",0,40,73,56
"S8633783",0,62,90,92
"S8633793",77,71,81,94
"S8633799",66,81,79,88
"S8633801",61,71,85,94
"S8633803",0,85,88,92
"S8633847",59,0,0,0
"S8633855",68,75,42,33
"S8633881",0,90,90,92
"S8633927",0,96,92,90
"S8633937",66,77,83,83
"S8633947",0,83,94,90
"S8633975",50,46,62,75
"S8633979",0,88,81,69
"S8634001",0,60,67,83
"S8634047",55,60,79,92
"S8634067",0,71,81,94
"S8634077",0,85,83,88
"S8634081",0,73,88,79
"S8634095",0,94,88,88
"S8634133",0,81,83,83
"S8634157",0,75,85,85
"S8634197",57,65,62,83
"S8634207",0,79,81,73
"S8634211",0,60,77,62
"S8634227",66,77,90,85
"S8634279",73,79,85,90
"S8634299",64,90,81,0
"S8634343",0,69,92,92
"S8634359",0,83,81,88
"S8634385",61,65,92,92
"S8634403",0,67,85,79
"S8634443",59,56,83,73
"S8634461",0,62,65,73
"S8634489",0,81,79,90
"S8634497",0,75,79,88
"S8634507",61,90,88,94
"S8634509",0,77,96,94
"S8634517",0,71,94,81
"S8634541",0,67,75,88
"S8634559",0,83,90,94
"S8634569",0,79,77,90
"S8634585",57,69,88,79
"S8634589",68,69,90,90
"S8634609",0,69,79,98
"S8634637",80,81,92,90
"S8634643",61,65,83,79
"S8634657",73,83,88,79
"S8634681",0,83,73,94
"S8634685",0,75,90,92
"S8634701",59,73,85,96
"S8634725",0,81,88,90
"S8634727",84,92,85,85
"S8634735",0,77,88,81
"S8634741",75,83,90,88
"S8634747",66,0,0,0
"S8634765",0,75,83,83
"S8634773",70,0,0,0
"S8634785",0,77,77,81
"S8634787",0,77,83,92
"S8634841",0,54,46,65
"S8634845",0,94,96,96
"S8634861",43,85,81,75
"S8634889",0,79,69,83
"S8634901",84,79,90,85
"S8634905",0,83,94,92
"S8634913",75,75,88,92
"S8634915",75,56,73,85
"S8634921",0,71,85,88
"S8634937",0,77,83,75
"S8634965",70,79,88,83
"S8635055",0,81,83,96
"S8635095",0,67,85,77
"S8635111",0,48,73,77
"S8635121",0,90,100,94
"S8635149",66,83,79,48
"S8635201",68,65,81,0
"S8635227",73,73,77,69
"S8635237",0,77,81,92
"S8635247",0,90,92,94
"S8635255",59,58,52,71
"S8635259",68,88,77,88
"S8635265",0,90,85,98
"S8635291",0,79,88,0
"S8635299",80,81,79,88
"S8635305",0,0,40,56
"S8635325",0,73,79,88
"S8635331",59,79,88,92
"S8635365",57,60,75,85
"S8635371",0,67,73,79
"S8635437",75,83,77,81
"S8635441",91,83,83,81
"S8635451",0,71,94,94
"S8635459",0,73,88,90
"S8635487",0,69,0,0
"S8635537",0,73,92,96
"S8635541",0,79,69,0
"S8635547",57,85,90,90
"S8635581",0,62,88,73
"S8635607",0,54,67,85
"S8635617",75,73,60,85
"S8635629",0,96,94,100
"S8635633",0,83,90,79
"S8635655",0,42,71,92
"S8635657",82,94,92,96
"S8635729",80,79,88,83
"S8635757",0,90,96,94
"S8635829",73,85,81,85
"S8635833",80,44,90,88
"S8635845",0,71,81,96
"S8635855",0,60,79,92
"S8635883",0,85,0,0
"S8635885",0,79,92,90
"S8635889",0,83,79,79
"S8635921",0,69,71,69
"S8635923",82,67,81,85
"S8635941",34,62,73,69
"S8635943",0,77,92,90
"S8635957",70,75,79,73
"S8635963",84,77,90,94
"S8635969",52,71,62,71
"S8635971",36,54,62,77
"S8635977",0,71,83,90
"S8635997",50,62,75,83
"S8636009",89,85,92,96
"S8636011",0,81,75,83
"S8636017",0,73,96,92
"S8636031",0,62,92,94
"S8636041",77,85,83,79
"S8636061",0,88,83,81
"S8636071",0,85,92,88
"S8636079",57,83,83,90
"S8636081",57,71,83,77
"S8636083",55,94,90,92
"S8636101",0,69,0,83
"S8636131",75,79,73,85
"S8636149",0,88,71,88
"S8636181",0,50.25,64.5,0
"S8636199",0,58,81,92
"S8636229",61,58,94,92
"S8636251",0,79,79,83
"S8636273",70,71,75,90
"S8636275",80,90,73,83
"S8636289",0,73,90,92
"S8636293",0,77,94,88
"S8636303",0,58,79,77
"S8636319",77,90,83,96
"S8636333",0,0,94,94
"S8636349",82,85,88,96
"S8636353",68,83,92,81
"S8636361",57,81,69,73
"S8636369",0,67,75,77
"S8636373",0,58,71,58
"S8636395",0,71,60,0
"S8636397",0,79,83,88
"S8636419",0,79,94,90
"S8636437",64,65,73,85
"S8636443",91,67,94,88
"S8636447",66,88,94,96
"S8636449",0,58,58,12
"S8636487",0,58,62,71
"S8636505",0,75,79,85
"S8636525",0,90,92,100
"S8636535",75,88,88,81
"S8636601",73,56,73,90
"S8636603",57,69,0,65
"S8636605",0,67,69,81
"S8636607",70,60,71,85
"S8636633",89,0,65,90
"S8636645",0,58,71,0
"S8636655",0,69,56,71
"S8636681",0,85,94,100
"S8636689",0,60,83,88
"S8636695",80,65,88,88
"S8636705",0,73,69,79
"S8636721",84,75,88,88
"S8636723",52,62,83,83
"S8636749",77,0,81,88
"S8636811",0,88,85,96
"S8636825",0,67,88,90
"S8636827",75,73,81,94
"S8636835",70,88,85,88
"S8636857",0,54,60,65
"S8636879",0,77,71,96
"S8636887",91,69,62,79
"S8636903",0,94,98,92
"S8636913",84,77,94,94
"S8636953",0,65,81,79
"S8636969",0,83,83,96
"S8636999",73,88,83,90
"S8637009",0,71,85,88
"S8637013",0,54,83,83
"S8637017",0,92,90,90
"S8637025",0,40,73,75
"S8637051",55,65,73,92
"S8637109",0,67,77,96
"S8637111",0,75,90,90
"S8637119",0,98,92,92
"S8637127",0,73,62,79
"S8637133",68,88,98,94
"S8637165",0,88,71,96
"S8637175",0,77,79,83
"S8637181",80,81,85,75
"S8637207",0,75,85,88
"S8637209",77,88,92,92
"S8637219",68,85,75,81
"S8637247",0,75,88,94
"S8637251",73,94,92,94
"S8637257",57,75,81,90
"S8637271",75,58,65,19
"S8637287",77,52,65,85
"S8637291",70,75,83,94
"S8637295",0,0,83,79
"S8637313",50,88,94,98
"S8637337",66,94,83,88
"S8637341",80,71,79,88
"S8637347",93,60,85,92
"S8637357",82,81,85,96
"S8637361",59,58,83,85
"S8637421",91,90,96,98
"S8637441",0,92,88,90
"S8637447",80,98,90,94
"S8637463",0,67,83,77
"S8637475",75,73,90,88
"S8637489",75,65,62,90
"S8637497",66,88,94,96
"S8637511",89,71,94,90
"S8637517",70,48,92,83
"S8637535",0,73,81,88
"S8637547",66,90,83,81
"S8637555",0,62,73,77
"S8637587",64,79,71,90
"S8637605",70,81,81,0
"S8637637",0,92,83,98
"S8637641",0,48.5,78.75,0
"S8637643",0,81,90,90
"S8637689",0,77,65,77
"S8637693",80,88,85,92
"S8637727",0,98,88,88
"S8637739",36,67,73,73
"S8637747",55,73,50,67
"S8637751",0,77,81,85
"S8637753",0,85,67,81
"S8637781",0,90,75,83
"S8637789",0,85,92,0
"S8637795",0,67,94,98
"S8637831",0,81,90,90
"S8637861",0,79,90,98
"S8637899",61,0,31,85
"S8637921",0,53.25,0,0
"S8637939",61,71,79,88
"S8637941",0,79,88,90
"S8637963",0,92,94,94
"S8637977",0,71,67,79
"S8637979",0,69,85,90
"S8637989",89,85,79,88
"S8638007",73,69,79,73
"S8638013",0,83,81,79
"S8638027",0,65,81,83
"S8638039",64,67,67,88
"S8638043",91,81,85,83
"S8638047",0,58,58,75
"S8638049",86,77,90,88
"S8638051",0,96,94,96
"S8638075",0,66.5,75.75,0
"S8638111",0,69,96,81
"S8638137",0,50,81,75
"S8638145",73,73,88,81
"S8638147",48,46,42,90
"S8638161",0,96,92,94
"S8638195",0,90,81,98
"S8638207",57,69,67,71
"S8638215",0,69,88,90
"S8638221",0,73,75,90
"S8638227",0,88,77,92
"S8638247",0,83,92,98
"S8638253",0,48,65,83
"S8638259",75,79,71,65
"S8638285",0,92,98,100
"S8638301",0,88,0,0
"S8638329",0,83,83,94
"S8638351",0,75,75,85
"S8638365",0,83,85,79
"S8638381",0,69,96,96
"S8638385",66,58,60,69
"S8638387",70,73,81,81
"S8638395",0,81,92,92
"S8638415",0,90,96,98
"S8638433",0,48,42,54
"S8638447",86,75,73,73
"S8638461",0,69,85,88
"S8638469",57,77,79,79
"S8638483",48,75,75,88
"S8638575",0,83,92,96
"S8638577",0,62,88,75
"S8638611",66,52,69,83
"S8638627",52,75,73,67
"S8638661",80,92,90,92
"S8638667",0,65,75,62
"S8638669",0,90,92,90
"S8638713",0,62,69,71
"S8638729",70,81,94,90
"S8638749",75,83,88,90
"S8638773",61,56,42,46
"S8638775",45,81,98,85
"S8638783",0,90,96,81
"S8638793",0,96,90,90
"S8638795",55,60,83,77
"S8638797",0,69,98,100
"S8638803",0,71,90,88
"S8638807",41,48,48,73
"S8638825",64,69,83,88
"S8638861",0,77,83,92
"S8638871",82,75,85,88
"S8638883",0,81,58,65
"S8638905",77,85,85,90
"S8638933",75,79,98,96
"S8638951",61,77,88,96
"S8638957",64,85,88,94
"S8638977",0,42,54,67
"S8638981",0,85,94,94
"S8639039",59,62,79,81
"S8639073",0,79,96,100
"S8639101",66,88,73,90
"S8639107",61,73,85,90
"S8639119",0,94,85,96
"S8639123",43,58,88,83
"S8639163",0,92,96,94
"S8639165",0,88,88,96
"S8639167",0,96,85,96
"S8639171",68,90,98,96
"S8639187",66,71,90,92
"S8639267",75,85,58,79
"S8639315",0,85,83,96
"S8639333",75,88,65,92
"S8639345",0,88,90,98
"S8639347",70,75,90,88
"S8639377",0,90,81,88
"S8639379",80,85,83,88
"S8639383",0,65,83,81
"S8639395",57,54,0,48
"S8639427",70,96,58,65
"S8639433",0,71,79,96
"S8639447",61,0,40,83
"S8639449",0,75,88,90
"S8639459",50,71,73,71
"S8639461",0,79,81,77
"S8639481",0,69,75,75
"S8639503",75,71,75,69
"S8639509",0,90,98,96
"S8639511",86,96,88,92
"S8639519",0,77,92,92
"S8639523",0,56,79,73
"S8639525",0,67,67,67
"S8639529",68,62,73,75
"S8639543",0,77,92,92
"S8639555",0,69,92,96
"S8639565",73,73,85,92
"S8639577",0,62,77,79
"S8639599",0,60,60,71
"S8639639",91,96,92,92
"S8639653",61,71,77,88
"S8639663",61,79,83,75
"S8639671",52,54,67,73
"S8639673",0,73,81,79
"S8639707",0,81,56,83
"S8639729",0,65,71,88
"S8639735",0,96,90,90
"S8639757",0,25,65,60
"S8639763",0,77,85,88
"S8639765",77,77,75,81
"S8639785",0,81,88,79
"S8639791",0,81,90,85
"S8639801",61,81,75,90
"S8639805",68,0,77,75
"S8639807",73,75,88,94
"S8639813",0,81,92,90
"S8639833",75,96,98,96
"S8639887",0,81,92,94
"S8639897",0,85,96,98
"S8639915",0,90,90,88
"S8639921",0,83,83,90
"S8639925",0,56,67,67
"S8639929",66,50,35,56
"S8639937",0,96,98,94
"S8639947",91,96,96,100
"S8639959",0,67,73,33
"S8639971",89,73,88,85
"S8639995",0,71,73,60
"S8639997",57,90,83,88
"S8639999",68,60,88,90
"S8640009",0,65,50,90
"S8640017",86,92,88,94
"S8640021",0,62,71,69
"S8640023",59,94,92,81
"S8640029",82,88,90,92
"S8640077",0,71,71,88
"S8640085",73,83,92,92
"S8640137",0,71,73,77
"S8640141",0,46,65,94
"S8640149",77,54,77,83
"S8640151",0,75,52,77
"S8640179",0,73,98,92
"S8640183",64,73,94,81
"S8640199",64,50,69,75
"S8640203",0,65,73,52
"S8640205",0,90,81,88
"S8640217",0,94,85,96
"S8640233",82,75,96,92
"S8640247",59,50,62,73
"S8640265",0,88,73,85
"S8640283",66,92,94,96
"S8640315",0,88,92,90
"S8640343",0,81,69,65
"S8640371",0,62,60,62
"S8640375",48,83,58,79
"S8640383",45,38,27,54
"S8640419",0,69,71,90
"S8640439",0,56,42,38
"S8640467",0,48,81,88
"S8640475",0,79,90,96
"S8640513",59,73,69,71
"S8640519",75,79,90,90
"S8640521",0,79,88,92
"S8640535",50,88,88,94
"S8640537",57,77,79,85
"S8640561",39,44,69,0
"S8640567",0,81,94,98
"S8640575",57,81,73,85
"S8640591",82,90,83,90
"S8640595",0,73,77,58
"S8640601",0,85,90,98
"S8640603",61,52,77,77
"S8640609",73,79,79,67
"S8640637",86,79,85,83
"S8640655",0,62,88,83
"S8640659",0,88,90,88
"S8640661",73,71,71,71
"S8640685",0,77,83,90
"S8640705",0,71,88,88
"S8640721",73,71,88,94
"S8640727",0,88,81,88
"S8640745",68,58,88,81
"S8640747",75,75,81,81
"S8640765",70,73,94,92
"S8640775",0,75,69,90
"S8640801",73,58,77,73
"S8640805",0,73,75,81
"S8640807",0,90,75,85
"S8640829",68,60,88,92
"S8640833",0,77,85,88
"S8640851",0,85,75,77
"S8640883",0,73,94,98
"S8640911",68,83,88,77
"S8640915",0,58,75,73
"S8640921",77,79,90,88
"S8640935",0,67,83,88
"S8640959",43,42,71,56
"S8640967",52,94,81,90
"S8640977",84,85,88,88
"S8641011",64,67,71,65
"S8641045",84,60,75,92
"S8641051",0,92,92,98
"S8641071",0,88,100,0
"S8641095",0,88,90,81
"S8641097",0,88,81,96
"S8641101",0,52,90,98
"S8641103",0,60,83,71
"S8641119",59,0,60,73
"S8641121",0,65,71,75
"S8641161",57,44,75,71
"S8641165",75,85,94,94
"S8641167",0,83,81,94
"S8641175",70,85,69,85
"S8641181",0,83,96,90
"S8641217",80,85,96,90
"S8641225",55,73,65,79
"S8641227",80,85,94,90
"S8641269",0,79,77,88
"S8641283",0,98,92,98
"S8641297",0,90,85,94
"S8641309",0,67,83,88
"S8641315",80,62,85,94
"S8641331",59,65,88,90
"S8641375",0,69,77,83
"S8641385",0,67,75,81
"S8641389",0,83,48,62
"S8641391",89,67,0,0
"S8641407",68,65,71,81
"S8641445",0,90,94,96
"S8641463",59,60,81,83
"S8641465",55,0,0,0
"S8641479",0,62,69,83
"S8641481",66,54,71,65
"S8641533",0,77,79,75
"S8641545",0,83,88,96
"S8641585",0,73,0,0
"S8641601",48,83,88,92
"S8641623",0,65,75,54
"S8641627",0,77,81,94
"S8641637",77,75,88,94
"S8641655",61,50,71,77
"S8641661",66,81,92,75
"S8641665",0,75,75,85
"S8641711",82,0,0,0
"S8641715",55,77,79,81
"S8641747",0,65,85,90
"S8641791",82,92,96,92
"S8641813",0,94,96,81
"S8641823",82,67,88,94
"S8641865",75,96,90,85
"S8641869",0,90,79,0
"S8641871",0,90,96,98
"S8641873",0,75,83,85
"S8641877",0,85,94,85
"S8641881",50,81,75,79
"S8641887",64,79,67,83
"S8641897",0,94,92,94
"S8641901",0,96,94,90
"S8641907",82,96,96,96
"S8641957",0,90,94,90
"S8641971",0,94,94,100
"S8641981",68,83,85,90
"S8642017",0,69,81,81
"S8642043",0,79,92,75
"S8642047",0,90,90,83
"S8642055",77,73,83,85
"S8642073",0,71,79,83
"S8642111",68,58,73,83
"S8642131",0,83,88,98
"S8642137",89,90,88,98
"S8642139",0,75,79,88
"S8642171",86,83,90,94
"S8642193",0,73,90,83
"S8642219",0,81,94,96
"S8642227",0,77,77,81
"S8642235",66,44,54,48
"S8642237",0,79,94,90
"S8642263",0,71,90,79
"S8642275",0,88,94,90
"S8642281",0,81,88,96
"S8642291",84,92,58,96
"S8642303",84,65,88,92
"S8642305",0,77,98,94
"S8642325",59,100,83,92
"S8642331",0,73,71,73
"S8642343",100,90,77,0
"S8642363",80,94,90,98
"S8642401",0,67,81,77
"S8642417",0,62,71,48
"S8642421",0,69,83,81
"S8642441",77,71,79,92
"S8642451",0,65,69,69
"S8642457",0,85,94,98
"S8642463",55,48,54,73
"S8642477",0,83,96,94
"S8642479",70,83,79,79
"S8642481",0,71,0,0
"S8642487",0,73,81,98
"S8642499",66,62,92,92
"S8642511",0,77,90,90
"S8642529",0,62,79,69
"S8642537",0,71,92,94
"S8642575",70,90,83,96
"S8642583",0,56,77,77
"S8642593",0,88,81,96
"S8642619",0,81,88,98
"S8642627",77,81,98,96
"S8642657",0,81,96,96
"S8642671",73,79,88,90
"S8642681",0,62,67,83
"S8642705",30,42,67,85
"S8642715",61,88,85,85
"S8642723",0,73,60,56
"S8642751",75,79,88,90
"S8642767",0,79,90,0
"S8642795",64,71,83,92
"S8642807",70,88,96,90
"S8642811",0,81,79,88
"S8642813",0,81,85,92
"S8642815",0,71,73,69
"S8642821",70,81,90,88
"S8642831",0,81,88,90
"S8642857",0,54,85,79
"S8642859",89,71,92,85
"S8642865",0,40,58,31
"S8642873",68,60,81,83
"S8642885",0,69,73,85
"S8642895",0,69,58,67
"S8642897",39,48,56,79
"S8642899",86,81,88,96
"S8642911",50,77,83,100
"S8642913",0,81,77,79
"S8642917",0,83,90,92
"S8642921",68,83,83,54
"S8642927",0,77,94,94
"S8642935",0,88,94,96
"S8642937",59,69,83,88
"S8642959",0,67,77,77
"S8642969",66,60,77,85
"S8642979",80,60,75,94
"S8643005",0,83,94,0
"S8643043",86,79,90,96
"S8643047",0,79,0,0
"S8643057",66,60,71,81
"S8643071",0,88,92,96
"S8643087",59,58,58,85
"S8643097",0,77,90,77
"S8643103",0,73,0,0
"S8643111",0,69,62,77
"S8643113",0,71,85,83
"S8643119",77,85,73,75
"S8643127",73,69,73,77
"S8643135",0,90,79,92
"S8643145",91,77,0,0
"S8643159",68,73,77,77
"S8643163",77,54,69,83
"S8643187",59,73,71,85
"S8643203",82,81,79,77
"S8643237",0,75,88,79
"S8643249",68,79,81,88
"S8643259",57,60,38,67
"S8643265",80,77,83,88
"S8643273",0,56,0,0
"S8643287",0,79,88,96
"S8643291",61,90,75,77
"S8643295",57,71,96,90
"S8643301",0,88,71,83
"S8643311",0,83,90,83
"S8643313",70,75,58,92
"S8643321",57,56,73,75
"S8643327",0,60,56,71
"S8643351",0,81,90,92
"S8643363",64,90,96,85
"S8643365",0,88,0,0
"S8643381",0,60,40,56
"S8643395",77,69,69,83
"S8643403",84,81,85,92
"S8643405",0,69,71,85
"S8643409",0,81,88,90
"S8643415",0,81,85,92
"S8643439",0,75,71,88
"S8643451",0,58,79,81
"S8643465",34,65,56,83
"S8643477",0,0,60,0
"S8643493",0,83,96,96
"S8643505",0,96,98,90
"S8643517",82,83,90,81
"S8643519",0,96,96,94
"S8643521",84,96,96,96
"S8643535",0,58,73,46
"S8643539",82,94,90,94
"S8643543",75,98,94,92
"S8643545",0,58,90,94
"S8643559",0,73,77,81
"S8643569",45,83,100,94
"S8643587",80,44,88,96
"S8643593",0,52,69,94
"S8643645",0,75,88,98
"S8643661",0,54,60,77
"S8643663",0,62,88,88
"S8643671",0,77,75,83
"S8643673",0,96,96,90
"S8643683",0,44,46,38
"S8643685",0,73,75,85
"S8643739",0,50,65,42
"S8643741",0,92,90,94
"S8643747",0,79,79,0
"S8643791",0,73,92,77
"S8643805",0,56,54,56
"S8643821",0,54,54,92
"S8643825",80,81,83,67
"S8643859",0,75,77,92
"S8643873",82,58,75,88
"S8643887",0,90,90,98
"S8643891",0,83,90,100
"S8643911",64,77,88,83
"S8643919",0,96,96,94
"S8643927",0,60,0,0
"S8643937",75,62,52,65
"S8643939",0,88,92,96
"S8643945",0,79,94,96
"S8643977",68,56,0,69
"S8643983",80,67,56,50
"S8643985",0,60,62,60
"S8644065",0,83,69,79
"S8644069",70,58,77,88
"S8644077",64,71,83,88
"S8644083",0,75,79,94
"S8644087",0,38,73,85
"S8644103",80,69,0,0
"S8644115",57,56,81,75
"S8644123",0,71,62,77
"S8644143",84,75,81,0
"S8644157",0,85,88,98
"S8644205",0,77,81,77
"S8644211",0,71,92,98
"S8644215",0,71,54,60
"S8644223",0,69,60,79
"S8644255",61,81,92,92
"S8644287",68,85,88,98
"S8644297",68,92,79,88
"S8644307",75,77,71,94
"S8644315",0,60,88,94
"S8644317",0,83,88,75
"S8644327",0,75,96,94
"S8644329",0,0,75,77
"S8644341",0,77,81,81
"S8644351",57,65,79,83
"S8644357",77,88,79,88
"S8644367",0,69,96,79
"S8644375",0,96,88,100
"S8644415",0,73,90,88
"S8644459",0,69,71,85
"S8644465",0,90,0,0
"S8644491",77,88,90,81
"S8644515",0,90,88,90
"S8644543",0,71,90,88
"S8644551",48,21,83,73
"S8644587",48,83,94,92
"S8644595",0,88,0,0
"S8644613",41,48,79,98
"S8644627",75,67,73,65
"S8644637",0,79,90,81
"S8644649",82,75,77,83
"S8644657",68,60,94,0
"S8644661",61,69,83,85
"S8644671",59,79,73,69
"S8644673",0,52,73,83
"S8644687",0,92,90,100
"S8644701",75,60,75,94
"S8644705",70,58,75,58
"S8644733",77,88,88,92
"S8644735",48,50,77,92
"S8644759",0,60,85,88
"S8644769",64,81,83,88
"S8644787",0,54,62,77
"S8644799",52,73,0,0
"S8644801",0,94,92,98
"S8644811",0,79,92,88
"S8644833",64,69,65,0
"S8644843",0,46,69,81
"S8644847",0,79,83,90
"S8644883",0,67,92,94
"S8644913",100,92,90,92
"S8644917",0,69,81,73
"S8644933",0,100,94,98
"S8644955",0,90,90,88
"S8644971",0,67,40,52
"S8645001",0,79,81,94
"S8645065",0,77,67,79
"S8645071",0,83,77,98
"S8645073",0,81,83,83
"S8645077",61,79,90,94
"S8645081",52,83,73,62
"S8645129",0,81,94,90
"S8645135",61,65,71,62
"S8645151",61,88,73,85
"S8645153",0,77,83,96
"S8645167",52,77,96,98
"S8645215",0,79,83,75
"S8645225",59,79,83,88
"S8645259",0,92,90,83
"S8645301",75,77,62,88
"S8645311",0,85,90,92
"S8645337",0,88,94,98
"S8645351",0,88,88,88
"S8645359",0,79,83,96
"S8645375",45,58,67,54
"S8645397",0,69,88,94
"S8645401",0,73,81,92
"S8645455",0,67,88,90
"S8645481",61,83,83,83
"S8645491",0,88,92,94
"S8645493",0,83,92,90
"S8645501",0,81,88,90
"S8645515",0,90,96,88
"S8645549",43,52,65,71
"S8645555",0,88,88,96
"S8645561",55,79,88,79
"S8645577",0,79,94,94
"S8645595",0,67,73,67
"S8645605",0,83,96,94
"S8645615",66,85,54,65
"S8645623",32,33,0,58
"S8645631",0,75,83,81
"S8645641",0,77,94,92
"S8645657",0,67,88,62
"S8645661",0,88,90,94
"S8645663",0,79,79,88
"S8645683",82,71,92,98
"S8645701",0,85,75,98
"S8645711",59,65,83,60
"S8645751",61,65,83,77
"S8645757",0,88,88,94
"S8645759",80,90,94,98
"S8645765",0,69,81,92
"S8645779",75,77,88,94
"S8645809",57,77,92,90
"S8645811",86,60,75,94
"S8645859",0,81,79,92
"S8645871",0,46,60,65
"S8645877",0,67,62,71
"S8645879",0,94,88,96
"S8645881",0,75,94,88
"S8645883",0,71,58,81
"S8645885",0,88,0,100
"S8645887",36,46,0,81
"S8645889",59,77,54,71
"S8645893",0,58,0,0
"S8645901",0,56,71,58
"S8645913",0,77,81,94
"S8645937",0,92,90,83
"S8645939",0,85,88,0
"S8645947",0,65,83,88
"S8645977",0,90,90,98
"S8645981",0,81,67,71
"S8645993",70,65,75,62
"S8645995",0,56,85,94
"S8645999",66,92,67,81
"S8646003",0,79,67,90
"S8646011",77,83,94,94
"S8646013",61,0,81,73
"S8646017",73,75,71,65
"S8646045",73,58,77,77
"S8646053",43,65,65,65
"S8646073",61,92,79,75
"S8646087",0,52,67,73
"S8646091",0,73,94,100
"S8646095",73,75,65,90
"S8646097",0,83,90,88
"S8646099",0,79,94,96
"S8646107",0,54,67,79
"S8646167",0,94,94,92
"S8646173",0,73,50,60
"S8646183",84,77,60,90
"S8646187",0,0,85,92
"S8646197",84,75,90,94
"S8646247",82,60,0,0
"S8646251",70,69,96,96
"S8646257",68,88,83,85
"S8646273",0,65,73,83
"S8646295",0,60,85,73
"S8646297",0,73,96,94
"S8646307",0,83,90,88
"S8646309",0,60,69,75
"S8646315",0,67,71,79
"S8646317",75,71,88,98
"S8646319",0,83,96,96
"S8646347",0,92,0,88
"S8646365",0,77,88,0
"S8646379",0,79,81,79
"S8646381",73,79,79,85
"S8646403",0,71,75,65
"S8646427",0,83,79,90
"S8646429",0,75,75,90
"S8646433",80,77,85,90
"S8646453",61,73,88,75
"S8646507",0,81,75,96
"S8646509",0,69,83,88
"S8646529",0,67,73,85
"S8646537",0,73,85,77
"S8646543",0,92,92,92
"S8646547",84,85,83,94
"S8646593",0,83,83,83
"S8646605",0,83,71,75
"S8646609",61,73,88,81
"S8646621",0,81,90,94
"S8646627",75,94,90,88
"S8646649",75,65,54,46
"S8646663",57,73,0,77
"S8646667",61,58,71,79
"S8646673",0,56,83,92
"S8646689",0,77,79,81
"S8646691",0,88,73,79
"S8646705",0,73,83,96
"S8646761",73,73,90,88
"S8646763",77,88,90,90
"S8646767",0,65,75,83
"S8646801",70,40,60,81
"S8646821",0,83,79,75
"S8646825",0,67,85,94
"S8646837",61,75,81,83
"S8646851",55,77,85,94
"S8646857",0,71,71,0
"S8646907",0,67,75,96
"S8646923",64,54,65,83
"S8646927",0,65,48,58
"S8646933",84,92,75,88
"S8646949",52,48,60,88
"S8646953",77,85,88,0
"S8646955",0,75,92,94
"S8646975",73,79,90,90
"S8646987",43,46,60,79
"S8647007",0,79,77,77
"S8647011",0,71,81,77
"S8647025",0,75,31,73
"S8647039",0,83,96,100
"S8647059",0,69,73,60
"S8647079",0,88,83,92
"S8647089",0,81,94,98
"S8647097",70,71,92,92
"S8647117",0,94,96,92
"S8647127",0,52,60,81
"S8647135",0,75,79,79
"S8647139",0,77,60,79
"S8647149",91,88,90,94
"S8647159",0,75,83,96
"S8647163",0,77,96,88
"S8647173",84,83,77,73
"S8647175",0,54,69,75
"S8647179",61,73,65,69
"S8647183",0,83,92,85
"S8647187",66,83,79,81
"S8647195",0,85,88,94
"S8647219",64,73,83,88
"S8647241",75,83,75,85
"S8647263",0,98,94,94
"S8647289",0,60,77,46
"S8647311",0,69,71,96
"S8647321",0,83,94,96
"S8647343",84,77,81,85
"S8647347",0,94,96,90
"S8647373",0,54,42,56
"S8647411",0,71,88,85
"S8647413",0,69,75,92
"S8647435",0,85,88,71
"S8647463",68,81,83,75
"S8647489",77,65,62,81
"S8647491",0,79,58,88
"S8647497",75,90,85,92
"S8647529",68,69,77,85
"S8647547",0,56,73,83
"S8647561",0,96,90,88
"S8647567",66,77,50,81
"S8647569",0,81,81,92
"S8647573",0,60,77,92
"S8647581",0,69,100,92
"S8647595",0,75,77,71
"S8647609",0,88,94,92
"S8647615",0,77,73,73
"S8647619",61,52,77,56
"S8647633",80,92,88,90
"S8647659",68,79,67,0
"S8647683",66,81,85,88
"S8647691",59,67,90,90
"S8647697",0,79,75,88
"S8647717",0,65,75,73
"S8647731",0,96,96,96
"S8647735",0,83,94,90
"S8647739",0,71,75,94
"S8647757",0,77,94,44
"S8647761",61,58,88,90
"S8647767",0,71,88,88
"S8647771",0,65,81,79
"S8647783",73,56,71,77
"S8647785",61,67,0,56
"S8647787",84,0,85,79
"S8647793",61,83,0,71
"S8647797",0,83,85,94
"S8647805",0,83,94,90
"S8647809",0,75,71,81
"S8647835",77,73,88,88
"S8647837",91,94,96,92
"S8647845",0,58,65,69
"S8647851",77,83,88,94
"S8647863",0,75,96,96
"S8647865",0,90,81,96
"S8647867",73,65,73,77
"S8647877",0,69,77,85
"S8647887",89,83,96,92
"S8647899",0,77,85,94
"S8647909",0,46,67,60
"S8647935",57,81,75,79
"S8647953",0,94,96,98
"S8647955",80,83,75,79
"S8647969",66,83,98,92
"S8647989",0,85,92,90
"S8647995",0,50,50,50
"S8647997",0,81,60,90
"S8648005",0,88,94,85
"S8648051",70,62,62,79
"S8648107",0,90,96,85
"S8648139",0,77,83,88
"S8648141",68,65,44,40
"S8648151",59,62,90,77
"S8648161",0,83,94,94
"S8648169",0,40,75,94
"S8648211",61,48,50,69
"S8648247",68,56,62,60
"S8648251",0,71,94,96
"S8648283",0,90,88,96
"S8648287",0,90,94,96
"S8648311",89,92,94,94
"S8648347",0,94,90,98
"S8648355",80,75,83,73
"S8648359",0,69,85,88
"S8648363",0,75,92,96
"S8648365",52,88,96,98
"S8648373",0,60,75,92
"S8648389",0,79,94,90
"S8648403",0,81,85,88
"S8648407",0,90,96,100
"S8648409",68,75,71,85
"S8648417",0,79,83,92
"S8648421",89,94,92,94
"S8648433",0,75,88,69
"S8650285",0,75,67,81
"S8650901",77,98,96,98
"S8650925",0,90,94,90
"S8650955",0,81,92,81
"S8650965",0,98,94,98
"S8651009",64,73,85,81
"S8651041",77,85,94,88
"S8651081",55,35,56,60
"S8651105",0,67,79,88
"S8651143",0,88,90,88
"S8651205",61,23,0,0
"S8651257",0,44.5,52.25,0
"S8651395",86,94,94,90
"S8651405",68,71,77,81
"S8651439",0,67,69,75
"S8651471",45,0,88,83
"S8651479",82,62,77,75
"S8651499",0,27,71,0
"S8651541",0,71,81,62
"S8651543",0,81,90,94
"S8651551",0,71,92,94
"S8651573",0,60,85,88
"S8651575",68,60,88,79
"S8651587",66,85,81,0
"S8651593",0,83,79,83
"S8651607",0,83,90,90
"S8651611",57,48,58,62
"S8651615",77,83,96,92
"S8651617",0,69,81,81
"S8651641",0,90,90,90
"S8651653",0,58,73,79
"S8651665",57,42,71,88
"S8651691",68,44,58,65
"S8651713",0,81,73,79
"S8651721",66,88,73,92
"S8651727",18,35,69,69
"S8651733",86,25,92,94
"S8651737",0,88,88,96
"S8651741",0,88,100,88
"S8651749",0,83,85,90
"S8651751",0,79,77,90
"S8651785",0,90,100,88
"S8651795",0,77,75,73
"S8651833",0,85,90,88
"S8651853",0,77,83,69
"S8651897",0,58,77,83
"S8653721",0,58,88,92
"S8653725",0,75,88,96
"S8653857",0,0,77,65
"S8654517",0,42.25,0,0
"S8655007",0,60,71,83
"S8657465",0,75,58,75
"S8658271",0,65,75,77
"S8658567",0,53.5,53,0
"S8659403",0,77.25,89.25,0
"S8662241",0,81,83,100
"S8662347",0,77,90,100
"S8662351",0,50,60,71
"S8662365",0,81,81,88
"S8662379",0,92,94,0
"S8662447",0,69,90,94
"S8662449",0,81,85,92
"S8662569",0,73,77,81
"S8665897",0,71,88,85
"S8665907",0,58,0,0
"S8665967",0,77,90,94
"S8666045",0,83,83,100
"S8666103",0,40,75,90
"S8666363",0,73,77,92
"S8667067",0,52,69,96
"S8667439",0,52,85,94
"S8667445",0,79,65,81
"S8667495",0,69,73,75
"S8667615",0,73,60,58
"S8667637",0,92,92,96
"S8667675",0,61.75,83.25,0
"S8667711",0,69.75,86.5,0
"S8668081",0,71,81,79
"S8668091",0,52,83,83
"S8668099",0,79,85,90
"S8668123",0,85,92,94
"S8668141",0,83,73,83
"S8668169",0,75,77,75
"S8668219",0,85,88,85
"S8668227",0,81,73,71
"S8668771",0,39.5,56.75,0
"S8668777",0,62,90,92
"S8668993",0,88,79,94
"S8670025",0,85,69,79
