"","StudentID","SubmissionID","MarkerID","Publish.Time","Hypoth","Methods.writing","Methods.details","Methods.design","Results.text","Results.figures","Results.legends","Disc.knowlede","Disc.InterpFindings","Disc.Evidence","Refs","Writing","Comments","Final.Grade","UQM.ID","Consent"
"1","S8110327",3712,"T18","8/05/13 13:21",100,100,80,100,100,80,100,60,80,100,100,80,NA,100,2781,"Yes"
"2","S8112239",4236,"T25","15/05/13 8:22",100,100,80,100,100,100,100,80,80,100,100,100,NA,100,3385,"Yes"
"3","S8233701",3905,"T15","10/05/13 11:16",80,100,80,100,100,100,100,100,100,80,100,100,NA,100,2579,"Yes"
"4","S8234819",4387,"T10","15/05/13 8:22",100,100,60,80,100,100,60,60,60,60,100,60,NA,80,2782,"Yes"
"5","S8236749",5502,"N/A","N/A",NA,NA,NA,NA,NA,NA,NA,NA,NA,NA,NA,NA,NA,NA,2580,"Yes"
"6","S8243911",3991,"T10","10/05/13 11:10",100,100,100,100,80,100,80,100,100,80,100,80,NA,100,2753,"Yes"
"7","S8244607",4154,"T02","13/05/13 9:50",100,100,100,100,80,100,60,60,80,60,100,80,NA,80,2744,"Yes"
"9","S8287253",4021,"T05","10/05/13 15:46",80,100,100,80,80,100,80,80,60,60,100,100,NA,80,2581,"Yes"
"10","S8345077",3973,"T01","7/05/13 15:00",100,80,100,80,60,80,40,60,80,80,60,80,NA,80,2582,"Yes"
"11","S8349949",3920,"T19","10/05/13 11:12",80,60,80,80,80,20,60,60,60,60,20,60,NA,60,2583,"Yes"
"12","S8392669",3967,"T21","10/05/13 11:16",80,100,80,80,100,100,80,100,100,100,40,100,NA,80,2589,"Yes"
"13","S8402295",4050,"T15","10/05/13 11:16",80,100,100,100,80,80,100,80,80,60,60,80,NA,80,463,"Yes"
"14","S8408443",4108,"T10","10/05/13 11:10",100,100,100,100,80,100,100,80,80,60,100,100,NA,100,2588,"Yes"
"15","S8409235",3900,"T19","10/05/13 11:12",80,100,80,80,100,100,80,80,80,80,100,100,NA,80,2586,"Yes"
"18","S8412939",3795,"T21","6/05/13 9:52",80,100,80,100,80,100,80,100,100,80,100,100,NA,100,2584,"Yes"
"19","S8419401",3669,"T05","9/05/13 9:56",100,40,40,20,100,100,80,60,40,60,60,100,NA,60,2783,"Yes"
"20","S8421487",3915,"T21","10/05/13 11:16",60,100,60,80,100,100,80,80,100,100,100,100,NA,80,2720,"Yes"
"21","S8440585",3976,"T01","7/05/13 15:00",100,100,80,80,80,100,80,80,80,100,100,80,NA,80,3326,"Yes"
"22","S8465969",4000,"T15","10/05/13 15:46",100,100,100,80,100,100,80,80,80,80,100,80,NA,100,2599,"Yes"
"23","S8466065",3955,"T19","10/05/13 11:12",80,100,100,80,100,100,100,80,80,80,80,80,NA,80,3312,"Yes"
"24","S8469311",4209,"T23","12/05/13 21:34",100,100,100,100,100,100,80,80,60,60,100,80,NA,80,2712,"Yes"
"25","S8469617",4256,"T10","15/05/13 8:22",100,60,80,80,100,100,80,80,80,60,60,80,NA,80,2597,"Yes"
"26","S8470217",3785,"T17","9/05/13 9:57",100,100,100,80,100,100,80,80,100,100,100,100,NA,100,2598,"Yes"
"28","S8471467",4217,"T05","16/05/13 11:26",100,100,100,100,60,80,100,80,80,60,60,80,NA,80,2596,"Yes"
"29","S8472529",3710,"T02","9/05/13 14:09",100,100,60,80,100,100,60,80,100,80,60,80,NA,80,2591,"Yes"
"30","S8474623",3909,"T12","5/05/13 17:46",80,100,60,100,80,100,60,80,80,60,100,100,NA,80,1526,"Yes"
"31","S8514165",5465,"T05","1/06/13 8:52",60,80,60,80,80,100,60,80,80,60,100,100,NA,80,2216,"Yes"
"32","S8518775",3677,"T25","9/05/13 9:57",60,80,100,80,80,80,80,60,80,80,40,80,NA,80,2600,"Yes"
"33","S8522735",3665,"T05","9/05/13 9:56",100,100,80,80,100,100,80,80,100,80,80,100,NA,100,2755,"Yes"
"34","S8523451",4171,"T15","12/05/13 16:53",80,100,100,100,100,100,100,60,100,100,100,80,NA,100,2607,"Yes"
"35","S8523551",4077,"T01","11/05/13 12:44",100,80,80,60,100,80,60,60,80,60,20,80,NA,80,2609,"Yes"
"36","S8524785",3742,"T05","9/05/13 9:56",100,80,60,80,100,100,80,80,80,80,100,100,NA,80,2608,"Yes"
"37","S8525405",3724,"T17","9/05/13 9:57",100,100,100,100,100,100,100,80,100,100,100,100,NA,100,2610,"Yes"
"38","S8526409",4184,"T25","15/05/13 13:41",60,100,80,100,80,80,80,80,80,100,100,100,NA,80,2602,"Yes"
"39","S8527007",4330,"T10","16/05/13 11:17",100,100,80,80,80,80,80,80,80,40,60,100,NA,80,2785,"Yes"
"40","S8527483",4076,"T25","13/05/13 17:36",100,100,100,100,80,80,100,100,80,100,100,80,NA,100,2612,"Yes"
"41","S8528077",3924,"T23","5/05/13 17:48",100,100,80,100,100,80,80,80,80,60,80,100,NA,80,2603,"Yes"
"42","S8529073",4368,"T01","7/05/13 15:00",100,100,60,80,100,80,60,60,80,100,80,80,NA,80,2618,"Yes"
"43","S8531393",5464,"T03","1/06/13 8:52",100,100,100,80,100,100,80,80,100,100,100,100,NA,100,1559,"Yes"
"44","S8531397",3693,"T23","7/05/13 14:45",80,100,100,80,100,100,40,80,60,80,100,100,NA,80,2617,"Yes"
"45","S8533063",4412,"T10","10/05/13 15:44",100,100,100,100,100,100,80,100,80,40,60,80,NA,80,2614,"Yes"
"46","S8533845",3789,"T02","9/05/13 14:09",100,100,80,100,100,100,60,60,80,100,60,80,NA,80,2722,"Yes"
"47","S8534169",4020,"","11/05/13 8:15",80,100,100,100,100,100,80,100,80,80,100,100,NA,100,2606,"Yes"
"48","S8534399",3947,"T10","9/05/13 0:07",100,100,80,100,100,60,60,80,80,60,60,80,NA,80,2611,"Yes"
"49","S8534399",4399,"N/A","N/A",NA,NA,NA,NA,NA,NA,NA,NA,NA,NA,NA,NA,NA,NA,2611,"Yes"
"50","S8534493",4087,"T19","13/05/13 16:27",100,100,100,100,80,100,100,80,80,80,100,100,NA,100,2605,"Yes"
"51","S8536815",4377,"T15","10/05/13 11:16",100,80,80,100,80,100,80,80,60,60,20,80,NA,80,1219,"Yes"
"52","S8538277",4156,"T23","9/05/13 14:31",100,100,80,100,100,100,100,80,80,100,80,100,NA,100,2620,"Yes"
"53","S8546995",3943,"T24","8/05/13 0:17",100,100,80,100,80,100,80,80,100,80,100,100,NA,100,2622,"Yes"
"54","S8550039",4004,"T01","7/05/13 15:00",100,80,100,80,100,100,80,100,100,100,100,80,NA,100,2623,"Yes"
"55","S8550417",3948,"T23","5/05/13 17:46",100,100,100,100,100,100,80,100,100,100,100,100,NA,100,2625,"Yes"
"56","S8550529",4075,"T19","13/05/13 16:27",100,100,80,100,100,100,80,100,100,80,100,100,NA,100,2624,"Yes"
"57","S8552401",4129,"T01","11/05/13 12:44",100,80,40,60,100,60,40,60,100,80,60,80,NA,80,1224,"Yes"
"58","S8559519",4046,"T19","10/05/13 11:12",80,100,100,100,100,100,80,80,80,80,80,100,NA,100,2626,"Yes"
"59","S8562839",4250,"T23","12/05/13 21:34",80,40,60,20,100,100,80,100,80,100,100,100,NA,80,2728,"Yes"
"60","S8563497",3764,"T08","6/05/13 10:00",80,100,60,100,100,100,100,60,80,80,100,100,NA,80,2772,"Yes"
"61","S8564119",3922,"T12","5/05/13 17:46",100,100,60,80,80,100,80,80,80,60,100,100,NA,80,3313,"Yes"
"62","S8565137",3748,"T20","2/05/13 20:46",100,100,100,100,20,100,100,100,100,80,40,100,NA,80,2732,"Yes"
"63","S8566047",4408,"T19","10/05/13 11:12",80,100,80,80,100,100,80,100,100,80,100,100,NA,100,3272,"Yes"
"64","S8567051",3950,"T15","10/05/13 11:16",80,100,100,100,80,100,100,60,80,60,20,80,NA,80,2717,"Yes"
"65","S8568717",3832,"T08","6/05/13 10:00",100,100,60,40,80,100,100,60,60,60,60,60,NA,80,2627,"Yes"
"66","S8568775",4369,"T08","7/05/13 21:36",80,100,60,80,100,100,100,80,100,80,100,100,NA,100,2628,"Yes"
"67","S8569481",3673,"T21","6/05/13 9:52",100,100,80,80,100,100,80,100,100,80,100,100,NA,100,2629,"Yes"
"68","S8572003",4190,"T01","12/05/13 21:42",100,100,100,80,100,100,80,80,100,100,60,80,NA,100,2723,"Yes"
"70","S8572813",4797,"T19","15/05/13 8:22",80,100,60,80,60,100,60,60,60,60,20,40,NA,60,2212,"Yes"
"71","S8572981",4189,"T24","8/05/13 23:07",100,100,80,100,100,100,100,80,100,100,100,100,NA,100,2711,"Yes"
"72","S8573027",3802,"T15","5/05/13 17:46",80,100,100,100,80,100,80,100,80,100,20,80,NA,80,2215,"Yes"
"73","S8575041",3790,"T23","5/05/13 17:46",80,100,20,20,20,20,20,20,20,20,40,40,NA,40,2685,"Yes"
"74","S8575395",4253,"T15","15/05/13 8:22",100,100,100,100,80,100,100,100,100,100,100,100,NA,100,2643,"Yes"
"75","S8576147",5449,"T25","4/06/13 9:02",60,100,60,100,80,100,40,80,60,100,100,80,NA,80,2692,"Yes"
"76","S8576407",3951,"T12","5/05/13 17:46",100,100,60,80,80,100,80,80,80,60,20,100,NA,80,2639,"Yes"
"77","S8576443",4242,"T24","8/05/13 23:08",100,100,100,100,100,80,100,100,100,100,100,100,NA,100,1753,"No login"
"78","S8576713",4051,"T21","10/05/13 11:16",80,40,60,20,80,20,60,60,60,60,40,80,NA,60,3370,"Yes"
"79","S8576779",4040,"T21","10/05/13 11:16",100,100,80,100,80,100,80,80,80,100,100,100,NA,100,2063,"Yes"
"80","S8576823",3901,"T12","5/05/13 17:46",100,100,80,100,100,100,80,80,100,100,100,100,NA,100,2143,"Yes"
"81","S8576833",4187,"T22","12/05/13 16:53",80,100,60,80,80,100,80,100,100,100,100,100,NA,100,2649,"Yes"
"82","S8576965",4272,"T01","16/05/13 8:48",100,100,80,100,100,100,80,60,100,100,100,100,NA,100,2678,"Yes"
"83","S8577053",3656,"T10","6/05/13 9:14",100,100,100,80,80,100,60,40,20,40,40,80,NA,60,2688,"Yes"
"84","S8577063",3921,"T25","9/05/13 14:12",100,100,60,100,100,60,80,100,80,100,100,80,NA,80,2682,"Yes"
"85","S8577203",4150,"T25","13/05/13 17:36",100,100,80,100,100,80,80,80,80,80,100,100,NA,100,2707,"Yes"
"86","S8577231",3792,"T25","9/05/13 9:57",60,100,100,80,100,80,80,100,80,100,40,100,NA,80,1959,"Yes"
"87","S8577439",3848,"T18","8/05/13 13:21",80,100,60,20,100,80,40,100,100,60,60,80,NA,80,2679,"Yes"
"88","S8577607",3784,"T01","2/05/13 20:56",80,80,60,20,60,80,60,80,100,100,40,80,NA,80,2671,"Yes"
"89","S8577743",4124,"T02","13/05/13 9:50",100,100,60,80,80,100,60,100,100,80,60,60,NA,80,2665,"Yes"
"90","S8577791",3849,"T21","6/05/13 9:52",100,100,80,80,100,100,80,60,80,80,100,100,NA,80,2691,"Yes"
"91","S8578171",4248,"T10","15/05/13 8:22",100,100,80,100,80,100,60,80,60,80,40,100,NA,80,2681,"Yes"
"92","S8578567",4380,"T20","12/05/13 21:42",100,80,80,80,100,100,80,60,60,60,60,80,NA,80,2641,"No login"
"93","S8578817",3980,"T03","7/05/13 13:23",100,60,60,80,60,80,60,80,80,60,20,80,NA,60,2654,"Yes"
"94","S8578937",4003,"T24","8/05/13 0:17",100,100,100,100,80,80,100,80,80,80,100,100,NA,100,2663,"Yes"
"95","S8579457",3925,"T10","9/05/13 0:06",100,100,80,100,100,60,60,80,80,80,60,80,NA,80,2640,"Yes"
"96","S8579837",3981,"T03","7/05/13 13:23",100,100,80,100,80,100,80,80,60,100,100,100,NA,NA,2670,"Yes"
"97","S8580053",3763,"T21","6/05/13 9:52",100,100,100,80,80,40,100,100,100,60,40,100,NA,80,2635,"Yes"
"98","S8580059",3959,"T15","10/05/13 11:16",100,100,100,80,100,80,80,80,100,100,100,80,NA,100,2684,"Yes"
"100","S8580417",4298,"T10","15/05/13 8:22",100,100,20,80,20,60,40,60,60,20,60,60,NA,60,2637,"Yes"
"101","S8580597",3730,"T10","6/05/13 9:14",100,100,100,100,80,100,80,80,80,60,100,80,NA,100,2661,"Yes"
"102","S8580779",4214,"T25","15/05/13 13:41",60,100,80,100,100,100,80,100,80,100,100,100,NA,100,2673,"Yes"
"103","S8580813",4053,"T21","10/05/13 11:16",100,100,80,100,80,100,80,80,100,100,100,100,NA,100,1889,"Yes"
"104","S8580939",4029,"T10","9/05/13 0:07",100,100,60,40,40,100,60,80,60,40,20,80,NA,80,2709,"Yes"
"105","S8580939",4397,"N/A","N/A",NA,NA,NA,NA,NA,NA,NA,NA,NA,NA,NA,NA,NA,NA,2709,"Yes"
"106","S8581209",4117,"T20","5/05/13 17:46",80,80,80,80,80,20,80,80,80,60,100,100,NA,80,2683,"Yes"
"107","S8581563",4416,"T02","13/05/13 9:50",100,100,60,80,80,100,60,60,80,80,60,60,NA,80,3371,"Yes"
"108","S8581749",3658,"T20","2/05/13 20:46",100,100,100,100,100,100,100,80,80,80,100,100,NA,100,2664,"Yes"
"109","S8582439",3828,"T05","9/05/13 9:56",100,80,80,80,100,60,100,80,100,80,100,100,NA,80,2642,"Yes"
"110","S8582443",4103,"T25","13/05/13 17:36",100,100,100,100,100,100,100,100,100,100,100,100,NA,100,2677,"Yes"
"111","S8582581",4257,"T10","15/05/13 8:22",80,100,60,100,80,60,60,80,80,80,20,80,NA,NA,1831,"Yes"
"112","S8582679",4232,"T25","15/05/13 8:22",100,100,80,100,100,100,100,80,80,100,100,100,NA,100,2708,"Yes"
"113","S8582703",4395,"N/A","N/A",NA,NA,NA,NA,NA,NA,NA,NA,NA,NA,NA,NA,NA,NA,2644,"Yes"
"114","S8582703",4375,"T05","16/05/13 11:26",100,100,100,80,100,80,80,80,60,60,80,100,NA,80,2644,"Yes"
"115","S8583261",3670,"T02","9/05/13 14:09",100,100,80,100,100,100,60,80,80,80,100,80,NA,80,2700,"Yes"
"116","S8583279",4313,"T05","10/05/13 15:48",100,100,100,100,100,100,100,100,100,100,100,100,NA,100,2675,"Yes"
"117","S8583963",4207,"T24","8/05/13 23:07",100,100,80,100,100,80,100,60,100,100,100,100,NA,100,2070,"Yes"
"118","S8584233",4247,"T25","15/05/13 8:22",100,100,80,80,100,100,80,100,80,80,100,100,NA,100,1751,"Yes"
"119","S8584829",4373,"T01","11/05/13 12:44",100,100,60,80,100,80,80,60,100,100,100,100,NA,80,2656,"Yes"
"120","S8584921",4176,"T01","12/05/13 21:42",100,100,60,100,100,100,80,100,100,80,60,100,NA,100,2648,"Yes"
"121","S8584975",4068,"T01","11/05/13 12:44",100,100,60,80,60,60,80,60,100,80,80,80,NA,80,2702,"Yes"
"123","S8585269",4352,"T23","16/05/13 8:41",80,100,80,100,100,100,60,80,60,60,100,100,NA,80,2701,"Yes"
"124","S8585441",4007,"T10","7/05/13 11:59",100,100,80,80,100,100,100,80,100,80,100,100,NA,100,2706,"Yes"
"125","S8585829",3703,"T02","9/05/13 14:09",100,100,80,100,100,100,60,80,100,60,100,100,NA,100,2650,"Yes"
"126","S8585875",4388,"T16","11/05/13 12:44",100,100,80,40,100,60,60,40,40,40,20,80,NA,60,2662,"Yes"
"127","S8585907",5378,"T25","4/06/13 9:02",100,100,80,80,100,100,80,80,80,100,100,100,NA,100,2645,"Yes"
"128","S8586021",3994,"T05","8/05/13 13:18",100,100,80,80,80,80,60,60,40,60,60,100,NA,80,2704,"Yes"
"129","S8586041",3771,"T23","9/05/13 9:56",100,100,80,100,40,80,40,60,60,100,100,80,NA,80,2659,"Yes"
"130","S8586065",3988,"T12","5/05/13 17:46",100,100,80,80,100,100,80,100,80,80,100,100,NA,100,2191,"Yes"
"131","S8586205",4008,"T02","7/05/13 23:32",100,100,80,100,100,100,100,100,100,80,60,80,NA,100,2636,"Yes"
"132","S8586447",4123,"T23","9/05/13 14:31",100,100,80,100,40,80,80,100,100,80,100,100,NA,80,2674,"Yes"
"133","S8586735",4163,"T19","13/05/13 16:27",100,100,100,100,100,100,100,80,80,80,100,100,NA,100,2638,"Yes"
"134","S8586831",4083,"T25","13/05/13 17:36",100,100,80,100,80,80,80,80,60,100,100,100,NA,80,2668,"Yes"
"135","S8586867",4396,"T23","12/05/13 21:34",100,100,80,100,100,100,60,80,100,100,100,100,NA,100,2693,"Yes"
"136","S8586867",4166,"T08","8/05/13 9:46",80,100,100,100,100,100,80,80,80,80,100,80,NA,100,2693,"Yes"
"137","S8587341",3843,"T23","5/05/13 17:46",80,100,80,100,100,100,80,100,100,100,100,100,NA,100,2672,"Yes"
"138","S8587345",3657,"T15","5/05/13 17:46",80,100,100,100,100,80,60,80,80,80,100,80,NA,80,2694,"Yes"
"139","S8587441",4070,"T23","9/05/13 14:31",100,100,40,40,100,100,40,60,60,60,100,100,NA,80,2655,"Yes"
"140","S8587563",3691,"T03","10/05/13 11:16",100,100,100,100,100,80,80,60,80,100,100,80,NA,100,2653,"Yes"
"141","S8587675",4800,"T05","19/05/13 16:04",60,80,40,80,80,100,60,40,40,60,60,100,NA,60,2073,"Yes"
"142","S8587929",3819,"T01","2/05/13 20:56",100,100,100,80,100,80,80,100,100,100,60,80,NA,100,2689,"Yes"
"143","S8588589",4303,"T19","13/05/13 16:27",80,100,80,100,100,100,80,100,100,80,100,80,NA,100,2667,"Yes"
"144","S8588691",4205,"T05","16/05/13 11:26",100,100,100,100,80,80,80,100,60,80,40,100,NA,80,3384,"Yes"
"145","S8589029",3974,"T05","9/05/13 9:56",100,100,40,40,100,80,60,60,40,40,100,100,NA,80,2647,"Yes"
"146","S8589495",3911,"T05","11/05/13 8:15",80,100,80,100,80,100,80,60,60,80,100,100,NA,80,2733,"Yes"
"147","S8592817",4016,"T15","10/05/13 11:16",80,100,100,100,80,100,100,80,80,80,40,80,NA,80,2715,"Yes"
"148","S8593123",4213,"T15","15/05/13 8:22",100,100,100,100,100,100,100,80,80,100,80,80,NA,100,2713,"Yes"
"149","S8593273",3833,"T02","9/05/13 14:09",100,100,60,100,100,80,60,60,80,80,60,80,NA,80,2716,"Yes"
"150","S8593321",3714,"T23","5/05/13 17:46",100,100,100,20,100,100,100,80,100,100,100,100,NA,100,2714,"Yes"
"151","S8597563",3655,"T20","2/05/13 20:46",100,100,100,100,100,100,100,100,80,80,100,100,NA,100,2746,"Yes"
"152","S8600971",4238,"T24","8/05/13 23:08",100,100,60,80,80,80,60,60,80,100,100,100,NA,80,3382,"Yes"
"153","S8602427",4127,"T19","13/05/13 16:27",80,100,80,80,100,100,80,80,80,80,100,100,NA,80,2718,"Yes"
"154","S8602433",3914,"T19","10/05/13 11:12",20,60,80,80,80,20,80,100,80,80,100,80,NA,80,2719,"Yes"
"155","S8604007",3715,"T10","8/05/13 23:42",100,100,80,100,100,80,80,80,100,100,60,80,NA,100,3324,"Yes"
"156","S8605831",3761,"T01","2/05/13 20:56",80,80,100,100,100,100,80,60,100,100,100,100,NA,100,2773,"Yes"
"157","S8605991",3995,"T01","7/05/13 15:00",100,100,60,100,100,60,40,80,100,80,100,80,NA,80,2724,"Yes"
"158","S8606087",3770,"T23","5/05/13 17:46",100,100,100,20,100,100,100,100,100,100,100,100,NA,100,2725,"Yes"
"159","S8606245",4084,"T21","13/05/13 9:31",100,60,80,40,100,100,100,60,100,100,60,100,NA,80,2726,"Yes"
"160","S8606297",4863,"T01","16/05/13 8:48",100,100,60,60,100,60,80,100,100,100,100,80,NA,80,2727,"Yes"
"161","S8606739",4262,"T01","12/05/13 21:42",100,100,80,60,100,100,60,60,100,100,60,100,NA,80,2734,"Yes"
"162","S8606917",3960,"T15","10/05/13 11:16",80,100,100,100,100,100,100,80,80,100,60,80,NA,100,2730,"Yes"
"163","S8606925",3931,"T10","7/05/13 11:59",100,100,100,100,100,100,60,80,80,80,100,80,NA,100,2768,"Yes"
"164","S8607105",3829,"T19","6/05/13 9:52",100,100,80,80,80,100,100,80,80,80,60,100,NA,80,2735,"Yes"
"165","S8607513",3830,"T20","2/05/13 20:46",80,100,100,100,80,100,80,60,60,60,60,80,NA,80,3373,"Yes"
"166","S8607887",3679,"T15","5/05/13 17:46",100,100,60,80,100,100,80,80,100,100,100,80,NA,100,2729,"Yes"
"167","S8607887",4402,"N/A","N/A",NA,NA,NA,NA,NA,NA,NA,NA,NA,NA,NA,NA,NA,NA,2729,"Yes"
"168","S8607923",3835,"T20","2/05/13 20:46",100,100,100,100,100,100,100,80,100,100,100,100,NA,100,2736,"Yes"
"169","S8608219",3845,"T19","6/05/13 9:52",100,80,80,100,100,100,100,100,80,100,100,80,NA,100,2737,"Yes"
"170","S8609083",3965,"T19","10/05/13 11:12",80,100,100,80,100,100,100,100,100,100,80,100,NA,100,2739,"Yes"
"171","S8610381",3773,"T19","6/05/13 9:28",100,80,100,80,100,80,100,80,80,80,100,100,NA,100,2745,"Yes"
"172","S8611131",3754,"T19","6/05/13 9:28",80,100,80,80,80,100,80,80,80,80,80,80,NA,80,2769,"Yes"
"173","S8612109",4385,"T02","13/05/13 9:50",100,100,60,80,20,60,40,40,60,60,20,60,NA,60,3308,"Yes"
"174","S8612111",3796,"T18","8/05/13 13:21",100,100,80,80,80,100,80,80,80,100,100,100,NA,100,2779,"Yes"
"176","S8612395",3676,"T25","9/05/13 9:57",60,80,100,80,100,80,80,80,80,80,100,80,NA,80,2743,"Yes"
"177","S8612937",4143,"T09","11/05/13 8:15",100,100,100,100,100,100,80,80,60,80,60,100,NA,100,2738,"Yes"
"178","S8613421",4407,"T23","9/05/13 14:22",100,100,80,100,60,80,80,80,100,80,100,100,NA,80,2780,"Yes"
"179","S8613989",4201,"T24","8/05/13 23:07",100,100,80,80,100,80,100,80,80,80,100,100,NA,100,3351,"Yes"
"180","S8619553",3825,"T19","6/05/13 9:28",80,100,80,80,80,80,80,80,80,80,100,80,NA,80,2742,"Yes"
"181","S8620197",3986,"T05","8/05/13 13:18",80,100,60,60,80,80,60,60,60,60,80,100,NA,80,2774,"Yes"
"182","S8623875",3968,"T01","7/05/13 15:00",100,100,60,80,60,60,40,60,60,80,80,60,NA,80,3309,"Yes"
"183","S8623891",4133,"T20","5/05/13 17:46",100,100,80,80,100,100,80,80,80,80,80,80,NA,80,3306,"Yes"
"184","S8623949",4342,"T12","13/05/13 9:31",100,100,100,100,100,100,80,80,80,60,100,100,NA,100,2776,"Yes"
"185","S8624017",4118,"T20","5/05/13 17:46",100,100,80,80,100,100,80,80,80,60,80,80,NA,80,2777,"Yes"
"186","S8624045",3702,"T01","2/05/13 20:56",100,100,80,80,100,100,80,60,100,80,100,80,NA,80,3352,"Yes"
"187","S8624059",3910,"T25","9/05/13 14:12",100,100,40,40,100,100,100,80,80,100,100,80,NA,80,3353,"Yes"
"188","S8624189",4301,"T12","13/05/13 9:31",100,100,60,100,80,100,80,80,60,60,100,80,NA,80,3314,"Yes"
"189","S8624225",3667,"T08","6/05/13 10:00",100,100,80,80,100,100,100,80,100,100,100,100,NA,100,2771,"Yes"
"190","S8624271",4329,"T12","13/05/13 9:31",100,80,60,100,100,100,60,80,80,60,100,100,NA,80,3315,"Yes"
"191","S8624349",4353,"T12","13/05/13 9:31",100,80,40,100,80,100,60,80,60,60,20,80,NA,80,3307,"No login"
"192","S8625845",4001,"T24","8/05/13 11:28",100,100,100,80,80,100,80,40,80,80,80,100,NA,80,3305,"Yes"
"193","S8626437",4010,"T24","8/05/13 0:17",100,100,100,100,100,100,60,80,100,100,100,100,NA,100,2756,"Yes"
"194","S8626471",3779,"T25","9/05/13 9:57",80,100,80,100,80,60,80,80,80,80,100,80,NA,80,2765,"Yes"
"195","S8626559",4122,"T02","13/05/13 9:50",100,100,80,80,80,100,60,80,80,60,60,80,NA,80,2748,"Yes"
"196","S8626611",3971,"T02","7/05/13 14:16",100,100,80,80,100,100,60,100,100,100,60,100,NA,100,2752,"Yes"
"197","S8626635",4284,"T12","13/05/13 9:31",100,100,100,100,80,100,80,80,80,60,100,100,NA,100,2767,"Yes"
"199","S8626807",4178,"T10","15/05/13 8:22",100,60,80,80,100,100,60,60,60,40,40,80,NA,80,2760,"Yes"
"200","S8627133",4044,"T02","7/05/13 14:16",100,100,80,80,100,100,60,80,100,100,40,80,NA,80,2750,"Yes"
"201","S8627229",4179,"T24","8/05/13 23:07",100,100,60,80,80,100,60,60,80,60,100,100,NA,80,2763,"Yes"
"202","S8627489",4033,"T25","9/05/13 14:12",100,100,40,100,100,100,80,80,80,100,100,80,NA,80,2757,"Yes"
"203","S8627509",4151,"T23","28/05/13 10:26",60,100,60,20,100,100,40,60,60,60,80,80,NA,60,2749,"Yes"
"204","S8627535",4372,"T25","16/05/13 11:17",80,100,100,80,100,100,80,80,100,100,100,100,NA,100,2764,"Yes"
"205","S8627685",3746,"T23","7/05/13 14:45",80,100,40,60,100,20,80,40,60,20,20,60,NA,60,2759,"Yes"
"206","S8629983",5471,"T15","1/06/13 8:52",80,100,80,60,100,80,80,80,60,60,40,80,NA,80,3319,"Yes"
"207","S8630007",4281,"T03","15/05/13 8:22",80,80,80,80,80,100,100,60,60,80,100,60,NA,80,3320,"Yes"
"208","S8630075",4239,"T25","15/05/13 13:41",60,100,40,60,80,60,40,80,60,60,60,80,NA,60,3321,"Yes"
"209","S8630199",3998,"T23","5/05/13 17:46",100,100,80,80,100,100,80,80,80,100,100,100,NA,100,2778,"Yes"
"210","S8630317",4097,"T23","9/05/13 14:31",100,100,60,20,80,100,40,60,60,20,40,80,NA,60,3374,"Yes"
"211","S8630353",4028,"T10","7/05/13 11:59",100,100,100,100,100,100,80,80,80,80,100,100,NA,100,3310,"Yes"
"212","S8630445",3809,"T20","2/05/13 20:46",100,100,100,100,100,100,80,80,100,100,100,100,NA,100,3322,"Yes"
"213","S8630483",3686,"T17","6/05/13 13:57",100,100,100,100,100,100,80,100,100,100,100,100,NA,100,3311,"Yes"
"214","S8630553",3935,"T15","10/05/13 11:16",100,100,100,100,100,80,100,100,100,100,100,100,NA,100,3325,"Yes"
"215","S8630591",4170,"T20","5/05/13 17:46",80,100,80,100,100,100,80,100,100,100,100,100,NA,100,3318,"Yes"
"216","S8630711",3684,"T01","2/05/13 20:56",100,100,100,100,100,100,100,60,100,80,100,100,NA,100,3316,"Yes"
"217","S8630759",3811,"T17","6/05/13 13:58",100,100,100,80,100,100,80,80,100,100,40,100,NA,100,3317,"Yes"
"218","S8630877",4002,"T19","10/05/13 11:12",80,100,80,80,100,100,100,80,100,100,80,80,NA,100,3355,"Yes"
"219","S8632031",4221,"T24","8/05/13 23:07",100,100,80,100,100,100,60,80,100,100,100,100,NA,100,3356,"Yes"
"220","S8632183",3799,"T17","6/05/13 13:58",100,60,60,80,100,100,80,80,80,80,40,80,NA,80,3323,"Yes"
"221","S8632803",4158,"T15","12/05/13 16:53",80,100,100,100,100,100,100,80,80,80,20,80,NA,80,3221,"No login"
"222","S8632837",3660,"T10","6/05/13 9:14",100,100,60,20,80,60,20,80,60,40,60,80,NA,60,3275,"Yes"
"224","S8632889",3781,"T10","8/05/13 23:42",100,100,80,80,100,80,60,60,60,60,60,60,NA,80,2900,"Yes"
"225","S8632889",4403,"N/A","N/A",NA,NA,NA,NA,NA,NA,NA,NA,NA,NA,NA,NA,NA,NA,2900,"Yes"
"226","S8632937",4323,"T12","13/05/13 9:31",100,100,100,80,80,100,60,80,80,60,60,100,NA,80,3185,"Yes"
"227","S8632951",3777,"T19","6/05/13 9:28",80,100,80,80,80,80,80,80,80,80,100,80,NA,80,3301,"Yes"
"229","S8633021",3906,"T24","8/05/13 0:17",100,100,100,100,80,20,20,60,80,80,80,60,NA,80,3150,"Yes"
"230","S8633051",4371,"T05","10/05/13 15:46",100,100,40,80,100,100,80,80,60,40,40,100,NA,80,3208,"Yes"
"231","S8633149",3674,"T08","6/05/13 10:00",80,100,40,40,80,20,80,60,60,60,20,60,NA,60,2998,"Yes"
"232","S8633309",5468,"T25","4/06/13 9:02",60,100,80,100,80,100,60,80,80,60,100,80,NA,80,2890,"Yes"
"233","S8633369",4052,"T25","9/05/13 14:12",100,100,100,80,100,100,100,100,100,80,100,100,NA,100,3176,"Yes"
"234","S8633391",3668,"T21","6/05/13 9:52",80,100,100,100,80,100,80,60,80,60,60,100,NA,80,2791,"Yes"
"235","S8633423",4411,"T16","10/05/13 18:13",100,100,60,80,80,80,60,60,60,60,40,80,NA,80,2840,"Yes"
"236","S8633475",4324,"T10","16/05/13 11:17",100,100,80,80,100,80,60,60,60,60,60,80,NA,80,3216,"Yes"
"237","S8633593",4094,"T19","13/05/13 16:27",80,100,80,80,80,100,80,80,80,80,100,80,NA,80,3014,"Yes"
"238","S8633601",4141,"T21","13/05/13 9:31",80,100,80,100,100,40,100,100,80,100,100,100,NA,80,2796,"Yes"
"239","S8633611",4349,"T23","16/05/13 8:41",80,100,80,100,80,100,60,80,60,60,20,100,NA,80,2885,"Yes"
"240","S8633665",4415,"T05","13/05/13 17:36",100,100,80,80,80,100,80,20,20,60,20,100,NA,80,2873,"Yes"
"241","S8633727",3817,"T10","8/05/13 23:42",100,100,80,100,100,80,100,80,100,60,100,100,NA,100,2964,"Yes"
"242","S8633793",4312,"T03","15/05/13 8:22",100,60,100,100,80,100,80,80,80,60,100,80,NA,80,2997,"Yes"
"243","S8633799",4378,"T03","15/05/13 8:22",100,100,60,80,100,80,60,60,60,100,100,100,NA,80,3209,"Yes"
"244","S8633801",3958,"T25","9/05/13 14:12",100,100,60,80,100,100,80,100,80,80,100,80,NA,100,3147,"Yes"
"245","S8633855",4276,"T16","11/05/13 12:44",80,100,40,20,20,80,40,40,40,40,60,80,NA,60,3055,"Yes"
"246","S8633937",4177,"T05","16/05/13 11:26",100,100,40,80,100,80,80,100,80,80,100,100,NA,80,3132,"Yes"
"247","S8633975",4153,"T09","11/05/13 8:15",100,100,20,80,80,100,100,20,60,60,60,60,NA,60,3188,"Yes"
"248","S8634047",4069,"T09","11/05/13 8:15",100,100,60,80,100,100,100,80,60,60,100,60,NA,80,2798,"Yes"
"250","S8634157",4027,"T12","5/05/13 17:46",100,100,80,80,100,100,80,80,80,60,100,100,NA,80,2794,"Yes"
"251","S8634197",3759,"T10","6/05/13 9:14",100,100,100,80,80,100,60,40,40,20,40,80,NA,60,3380,"Yes"
"252","S8634227",3934,"T23","5/05/13 17:46",100,100,100,100,100,80,100,80,80,60,100,100,NA,100,3265,"Yes"
"253","S8634279",3939,"T01","7/05/13 15:00",100,80,100,80,100,20,80,100,100,100,100,100,NA,100,3081,"Yes"
"254","S8634299",4112,"T15","12/05/13 16:53",100,100,100,80,80,100,80,60,60,80,100,80,NA,80,3013,"Yes"
"255","S8634385",4279,"T25","16/05/13 11:17",80,100,80,100,100,100,80,100,80,100,100,100,NA,100,2926,"Yes"
"256","S8634443",4104,"T19","13/05/13 16:27",80,100,80,100,100,100,80,80,80,80,80,80,NA,80,3073,"Yes"
"257","S8634461",3755,"T15","5/05/13 17:46",100,100,100,100,100,80,100,40,40,40,20,40,NA,80,3292,"Yes"
"258","S8634507",4088,"N/A","N/A",NA,NA,NA,NA,NA,NA,NA,NA,NA,NA,NA,NA,NA,NA,3233,"Yes"
"259","S8634507",4365,"T21","13/05/13 9:31",100,100,80,80,80,80,80,80,100,100,100,100,NA,100,3233,"Yes"
"260","S8634585",3850,"T19","6/05/13 9:28",100,100,80,80,100,100,100,80,80,80,100,80,NA,100,3060,"Yes"
"261","S8634589",4350,"T25","16/05/13 11:17",100,100,100,100,100,100,60,80,80,100,100,80,NA,100,2999,"Yes"
"262","S8634637",3747,"T25","9/05/13 9:57",80,100,100,80,100,100,100,80,80,100,100,100,NA,100,3167,"Yes"
"263","S8634643",3778,"T23","5/05/13 17:46",80,100,60,100,100,100,80,80,80,60,100,100,NA,80,3217,"Yes"
"265","S8634657",4400,"N/A","N/A",NA,NA,NA,NA,NA,NA,NA,NA,NA,NA,NA,NA,NA,NA,3156,"Yes"
"266","S8634657",3807,"T15","5/05/13 17:46",100,100,60,80,80,100,100,80,100,100,100,80,NA,100,3156,"Yes"
"267","S8634701",4111,"T20","5/05/13 17:46",80,100,80,80,100,100,80,80,80,80,100,100,NA,80,2953,"Yes"
"268","S8634727",4208,"T15","15/05/13 8:22",100,100,100,100,80,100,80,80,80,60,100,80,NA,100,3175,"Yes"
"269","S8634741",4037,"T12","5/05/13 17:46",100,100,60,100,100,100,80,80,100,80,100,100,NA,100,3134,"Yes"
"270","S8634861",3774,"T17","6/05/13 13:58",100,80,100,100,100,100,80,80,100,60,40,80,NA,80,3123,"Yes"
"271","S8634901",3970,"T22","8/05/13 12:08",80,100,60,100,100,80,80,100,100,100,100,100,NA,100,2861,"Yes"
"272","S8634913",4144,"T21","13/05/13 9:31",80,100,80,100,100,80,80,60,100,100,100,100,NA,80,3115,"Yes"
"273","S8634915",4006,"T10","7/05/13 13:14",100,40,60,100,100,80,60,80,80,100,60,80,NA,80,3204,"Yes"
"274","S8634965",4278,"T12","13/05/13 9:31",100,100,80,100,100,100,60,100,80,60,100,100,NA,100,3036,"Yes"
"275","S8635149",4264,"T23","12/05/13 21:34",100,100,80,100,80,100,60,80,80,80,60,80,NA,80,3222,"Yes"
"276","S8635201",4260,"T25","15/05/13 13:41",60,100,100,100,100,100,60,80,60,80,100,80,NA,80,3131,"Yes"
"277","S8635227",4165,"T10","10/05/13 11:10",80,100,80,100,80,80,40,100,100,40,100,80,NA,80,3375,"Yes"
"278","S8635255",3839,"T08","6/05/13 10:00",80,100,60,40,80,40,60,60,60,60,60,40,NA,60,2825,"Yes"
"279","S8635259",3793,"T08","6/05/13 10:00",100,100,100,40,100,100,80,80,80,60,100,40,NA,80,2906,"Yes"
"280","S8635299",4386,"T05","16/05/13 11:26",80,100,80,100,40,80,80,100,80,80,80,100,NA,80,3000,"Yes"
"281","S8635305",4228,"T23","12/05/13 21:34",80,100,40,20,40,80,40,40,60,40,20,60,NA,60,3170,"No login"
"282","S8635331",4173,"T10","15/05/13 8:22",100,100,100,100,80,100,60,80,80,80,100,100,NA,100,2813,"Yes"
"283","S8635365",4080,"T01","11/05/13 12:44",100,100,60,80,80,60,80,60,100,80,80,80,NA,80,3133,"Yes"
"284","S8635437",4132,"T15","19/05/13 23:32",100,100,100,100,100,100,100,60,60,40,40,80,NA,80,3303,"Yes"
"285","S8635441",3788,"T05","9/05/13 9:56",100,100,80,80,100,100,60,80,60,80,100,100,NA,80,3171,"Yes"
"286","S8635547",4210,"T22","12/05/13 16:53",80,100,80,100,100,100,80,100,100,100,60,100,NA,100,3255,"Yes"
"287","S8635617",3944,"T10","9/05/13 0:06",100,100,60,80,100,60,60,60,60,60,20,60,NA,60,3164,"Yes"
"288","S8635657",4096,"T25","13/05/13 17:36",100,100,80,100,100,100,100,80,80,100,100,80,NA,100,3295,"Yes"
"289","S8635729",4326,"T21","16/05/13 8:48",100,100,80,80,80,60,80,100,100,100,100,100,NA,100,2808,"Yes"
"290","S8635829",4345,"T21","16/05/13 8:48",100,100,80,80,100,60,80,80,100,100,40,100,NA,80,2841,"Yes"
"291","S8635833",4282,"T05","16/05/13 11:26",100,100,80,80,100,100,80,100,80,100,80,100,NA,100,3184,"Yes"
"292","S8635923",4181,"T05","16/05/13 11:26",100,100,80,100,80,100,80,80,100,80,20,100,NA,80,2928,"Yes"
"293","S8635941",3964,"T23","5/05/13 17:46",100,100,40,20,100,80,60,100,80,60,100,100,NA,80,3207,"Yes"
"294","S8635957",3952,"T01","7/05/13 15:00",100,100,60,80,100,60,60,60,100,100,80,100,NA,80,2856,"Yes"
"295","S8635963",4045,"T01","7/05/13 15:00",100,100,60,80,100,100,80,80,100,100,100,100,NA,100,3179,"Yes"
"296","S8635969",4182,"T23","12/05/13 21:34",80,100,60,40,60,100,60,80,60,20,100,80,NA,80,3010,"Yes"
"297","S8635971",3757,"T15","5/05/13 17:46",80,100,100,100,20,60,40,80,80,80,20,80,NA,80,3168,"Yes"
"298","S8635997",3997,"T02","7/05/13 14:16",100,100,80,80,80,100,60,80,80,80,60,60,NA,80,3296,"Yes"
"299","S8636009",4296,"T01","16/05/13 8:48",100,100,100,100,80,60,80,100,100,100,100,100,NA,100,3258,"Yes"
"300","S8636041",4254,"T24","8/05/13 23:08",100,100,60,100,80,100,60,60,100,80,100,100,NA,80,2817,"Yes"
"301","S8636079",4169,"T20","5/05/13 17:46",80,100,80,100,80,100,80,80,80,80,100,80,NA,80,3247,"Yes"
"302","S8636081",4215,"T03","15/05/13 8:22",100,100,100,80,100,80,80,60,60,80,100,100,NA,80,3040,"Yes"
"303","S8636083",3926,"T23","5/05/13 17:48",100,100,80,100,100,80,80,100,100,60,100,100,NA,100,3259,"Yes"
"304","S8636131",3772,"T23","7/05/13 14:45",100,100,80,20,100,100,60,60,60,60,100,100,NA,80,3266,"Yes"
"305","S8636229",4155,"T19","13/05/13 16:27",80,100,80,100,100,100,100,100,100,100,80,100,NA,100,2991,"Yes"
"306","S8636273",4147,"T09","11/05/13 8:15",100,100,100,20,100,100,80,80,80,40,80,80,80,NA,2869,"Yes"
"307","S8636275",3760,"T02","9/05/13 14:09",100,80,60,80,80,100,60,60,80,60,100,80,NA,80,3186,"Yes"
"308","S8636319",3912,"T12","5/05/13 17:46",80,100,60,100,80,100,80,80,80,80,100,100,NA,80,3377,"Yes"
"309","S8636349",4316,"T05","16/05/13 11:26",100,100,100,80,100,100,80,80,60,80,100,100,NA,100,3078,"Yes"
"310","S8636353",4354,"T21","16/05/13 8:48",100,100,100,80,100,100,80,60,100,100,100,100,NA,100,3062,"Yes"
"311","S8636361",3699,"T03","10/05/13 11:16",80,100,60,100,60,60,80,60,60,80,100,60,NA,80,2801,"Yes"
"312","S8636437",3696,"T23","7/05/13 14:45",100,100,80,100,40,80,40,80,60,80,80,100,NA,80,3178,"Yes"
"313","S8636443",3899,"T02","7/05/13 14:16",100,80,100,100,100,100,60,100,100,100,100,100,NA,100,3004,"Yes"
"314","S8636447",3992,"T22","8/05/13 12:08",100,100,60,100,80,100,100,100,100,100,100,100,NA,100,3263,"Yes"
"315","S8636535",3694,"T03","10/05/13 11:16",100,100,100,100,100,80,80,60,80,100,100,80,NA,100,2800,"Yes"
"316","S8636601",3708,"T25","9/05/13 9:57",60,100,60,100,80,100,60,60,60,60,100,100,NA,80,3276,"Yes"
"317","S8636603",5498,"N/A","N/A",NA,NA,NA,NA,NA,NA,NA,NA,NA,NA,NA,NA,NA,NA,2937,"Yes"
"318","S8636607",4268,"T10","16/05/13 11:17",100,100,60,80,100,80,40,80,80,60,60,80,NA,80,3007,"Yes"
"319","S8636633",3846,"T23","5/05/13 17:46",40,100,40,100,100,40,60,60,100,80,40,100,NA,80,3114,"Yes"
"320","S8636695",3697,"T21","6/05/13 9:52",100,80,80,100,100,100,60,80,80,100,100,100,NA,80,3023,"Yes"
"321","S8636721",4227,"T22","12/05/13 16:53",80,100,60,100,100,100,80,100,100,100,60,100,NA,100,3112,"Yes"
"322","S8636723",4047,"T02","7/05/13 14:16",100,100,100,100,100,100,60,80,100,60,60,80,NA,NA,3076,"Yes"
"323","S8636749",4340,"T05","16/05/13 11:26",100,100,60,60,100,100,80,80,60,80,100,100,NA,80,3297,"Yes"
"324","S8636827",3690,"T10","10/05/13 11:10",100,100,60,80,100,80,60,80,80,100,100,80,NA,80,3105,"Yes"
"325","S8636835",3678,"T20","2/05/13 20:46",80,100,80,100,80,100,100,80,80,80,100,80,NA,80,3154,"Yes"
"326","S8636887",3957,"T24","8/05/13 0:17",100,80,60,100,100,80,60,60,60,60,20,60,NA,80,2575,"Yes"
"327","S8636913",3907,"T10","7/05/13 23:41",100,100,100,100,100,100,60,100,100,80,100,100,NA,100,2951,"Yes"
"328","S8636999",3805,"T18","8/05/13 13:21",80,100,100,100,80,100,60,100,100,80,80,60,NA,100,3249,"Yes"
"329","S8637051",4237,"T03","15/05/13 8:22",100,100,100,80,100,40,40,60,60,100,100,60,NA,80,3261,"Yes"
"330","S8637133",3840,"T17","9/05/13 9:57",100,100,100,100,100,100,80,100,100,100,100,100,NA,100,2962,"Yes"
"331","S8637181",3847,"T03","10/05/13 11:16",100,100,60,100,80,100,80,80,80,100,100,80,NA,80,3257,"Yes"
"332","S8637209",3786,"T20","2/05/13 20:46",80,100,80,100,100,100,100,80,80,100,100,100,NA,100,2787,"Yes"
"333","S8637219",3780,"T23","7/05/13 14:45",100,100,80,100,100,80,40,60,60,60,100,80,NA,80,2959,"Yes"
"334","S8637251",3775,"T15","5/05/13 17:46",100,100,100,100,100,100,100,80,80,80,100,80,NA,100,3231,"Yes"
"335","S8637257",4868,"T03","19/05/13 16:04",100,100,100,100,80,100,80,40,60,80,100,80,NA,80,2989,"Yes"
"336","S8637271",4370,"T01","16/05/13 8:48",80,60,40,80,60,80,60,80,100,100,60,60,NA,80,3012,"Yes"
"337","S8637287",3767,"T01","2/05/13 20:56",80,40,40,80,100,80,60,80,100,80,40,80,NA,80,2891,"Yes"
"338","S8637291",4356,"T21","16/05/13 8:48",100,60,80,80,80,100,80,80,80,100,100,100,NA,80,3129,"Yes"
"339","S8637295",3940,"T08","6/05/13 10:00",100,100,80,100,100,80,100,80,80,80,60,80,NA,80,3256,"Yes"
"340","S8637313",4271,"T23","16/05/13 8:41",100,100,80,80,100,100,100,80,100,100,100,100,NA,100,3287,"Yes"
"341","S8637337",4025,"T25","30/05/13 6:38",60,100,60,100,100,100,80,80,80,80,100,100,NA,80,2880,"Yes"
"342","S8637341",3721,"T21","6/05/13 9:52",80,100,100,80,80,40,80,60,100,80,100,100,NA,80,3068,"Yes"
"343","S8637347",3902,"T05","8/05/13 13:18",100,100,80,100,100,100,80,80,80,80,60,100,NA,80,2827,"Yes"
"344","S8637357",4128,"T15","12/05/13 16:53",100,100,80,100,100,100,100,80,80,100,40,80,NA,80,3069,"Yes"
"345","S8637361",5470,"T19","4/06/13 9:02",100,100,80,80,80,100,80,80,80,80,100,80,NA,80,2960,"Yes"
"346","S8637421",3917,"T24","8/05/13 0:17",100,100,100,100,100,100,80,80,100,100,100,100,NA,100,3027,"Yes"
"347","S8637447",4121,"T10","12/05/13 15:15",100,100,80,80,100,80,80,100,80,100,100,100,NA,100,2925,"Yes"
"348","S8637475",4414,"T03","13/05/13 9:31",100,100,60,100,100,80,80,80,100,100,100,100,NA,100,2844,"Yes"
"349","S8637489",4074,"T10","12/05/13 15:15",100,40,60,40,80,100,60,80,80,60,60,80,NA,80,2927,"Yes"
"350","S8637497",4091,"T15","12/05/13 16:53",100,100,80,100,100,100,100,100,80,80,100,100,NA,100,2802,"Yes"
"351","S8637511",3999,"T10","7/05/13 11:59",100,100,100,100,100,100,60,100,100,80,100,100,NA,100,3189,"Yes"
"352","S8637517",4115,"T25","13/05/13 17:36",100,100,100,100,100,100,100,80,60,100,100,80,NA,100,3030,"Yes"
"353","S8637547",3978,"T02","7/05/13 14:16",100,100,60,80,100,100,60,80,100,80,100,80,NA,NA,3137,"Yes"
"354","S8637587",4317,"T03","15/05/13 8:22",100,100,100,100,80,60,60,60,80,60,40,80,NA,80,3005,"Yes"
"355","S8637605",3768,"T18","8/05/13 13:21",100,100,80,100,100,100,80,60,60,80,80,80,NA,100,3203,"Yes"
"356","S8637649",4203,"T22","12/05/13 16:53",40,60,40,80,80,100,80,80,100,80,60,100,NA,80,3015,"Yes"
"357","S8637693",4338,"T05","16/05/13 11:26",100,100,80,80,80,100,80,80,100,60,100,100,NA,80,2883,"Yes"
"358","S8637739",3705,"T17","6/05/13 13:57",100,100,60,80,80,100,80,80,80,80,40,60,NA,80,2809,"Yes"
"359","S8637747",4384,"T16","9/05/13 9:56",80,100,40,80,80,40,40,60,40,40,60,60,NA,60,2823,"Yes"
"360","S8637771",3919,"T21","10/05/13 11:16",20,100,40,20,20,80,60,20,60,80,20,20,NA,40,2864,"Yes"
"361","S8637899",4110,"T08","8/05/13 9:46",80,80,40,40,20,100,80,20,20,20,20,20,NA,40,3001,"Yes"
"362","S8637899",4393,"T23","12/05/13 21:34",80,80,40,20,20,100,40,20,20,20,20,20,NA,40,3001,"Yes"
"363","S8637911",4101,"N/A","N/A",NA,NA,NA,NA,NA,NA,NA,NA,NA,NA,NA,NA,NA,NA,3089,"Yes"
"364","S8637911",4367,"T21","13/05/13 9:31",100,60,80,40,100,100,100,60,100,100,100,100,NA,80,3089,"Yes"
"365","S8637939",4073,"T21","13/05/13 9:31",100,60,80,40,100,100,100,80,100,100,40,100,NA,80,2945,"Yes"
"366","S8637989",4039,"T10","9/05/13 0:07",100,100,80,100,80,60,60,80,80,60,100,100,NA,80,3088,"Yes"
"367","S8638007",4022,"T10","7/05/13 11:59",100,100,100,100,100,100,60,80,60,60,60,80,NA,80,3096,"Yes"
"368","S8638039",3837,"T08","6/05/13 10:00",100,100,60,20,80,100,80,60,60,60,100,60,NA,80,2793,"Yes"
"369","S8638043",3661,"T17","9/05/13 9:57",80,100,100,100,80,100,60,80,100,60,100,100,NA,80,3141,"Yes"
"370","S8638049",4114,"T21","13/05/13 10:03",100,100,100,100,100,100,80,80,100,100,40,100,NA,80,2853,"Yes"
"371","S8638145",4164,"T15","12/05/13 16:53",100,100,100,80,100,80,100,80,80,80,100,80,NA,100,3006,"Yes"
"372","S8638147",4333,"T23","16/05/13 8:41",100,100,40,20,40,100,40,40,40,20,20,80,NA,60,3280,"Yes"
"374","S8638207",5469,"T02","4/06/13 9:02",100,100,60,80,80,100,60,80,80,60,20,60,NA,80,3135,"Yes"
"375","S8638259",4202,"T24","8/05/13 23:07",100,80,60,80,80,100,60,60,60,60,100,80,NA,80,3142,"Yes"
"376","S8638385",4401,"N/A","N/A",NA,NA,NA,NA,NA,NA,NA,NA,NA,NA,NA,NA,NA,NA,2973,"Yes"
"377","S8638385",3989,"T10","9/05/13 0:07",100,60,60,80,80,100,60,60,60,40,60,60,NA,60,2973,"Yes"
"378","S8638387",4420,"T03","15/05/13 8:22",100,100,60,100,100,80,80,60,60,100,80,100,NA,80,2902,"Yes"
"379","S8638447",3812,"T05","9/05/13 9:56",100,100,80,80,60,100,60,60,80,80,40,100,NA,80,2795,"Yes"
"380","S8638469",4225,"T25","15/05/13 13:41",60,100,100,100,60,60,60,80,100,80,100,100,NA,80,2955,"Yes"
"381","S8638483",4146,"T21","13/05/13 10:03",100,100,80,100,80,100,40,60,100,80,20,100,NA,80,2797,"Yes"
"382","S8638611",4307,"T10","16/05/13 11:17",100,100,80,100,100,60,60,60,60,40,60,80,NA,80,3218,"Yes"
"383","S8638627",3718,"T17","6/05/13 13:58",100,100,80,100,80,100,60,80,60,60,40,80,NA,80,2848,"Yes"
"384","S8638661",3734,"T20","2/05/13 20:46",80,100,100,100,100,100,100,80,80,80,80,100,NA,100,3285,"Yes"
"385","S8638729",3732,"T23","5/05/13 17:46",100,100,80,100,100,100,100,100,80,80,100,100,NA,100,3075,"Yes"
"386","S8638749",4042,"T24","8/05/13 0:17",100,100,60,80,100,100,60,80,100,100,100,100,NA,100,3085,"Yes"
"387","S8638773",4295,"T16","11/05/13 12:44",80,100,60,20,40,80,40,40,40,40,20,80,NA,60,3016,"Yes"
"388","S8638775",4309,"T23","16/05/13 8:41",100,100,100,100,100,100,100,80,100,100,100,100,NA,100,3128,"Yes"
"389","S8638795",5046,"T12","19/05/13 23:32",100,100,100,100,80,80,80,80,60,60,100,100,NA,80,2940,"Yes"
"390","S8638807",4390,"T23","12/05/13 21:34",100,40,40,20,40,100,40,80,60,60,40,80,NA,60,3149,"Yes"
"392","S8638825",3984,"T05","17/05/13 2:28",100,80,40,100,100,100,80,80,80,80,100,100,NA,80,3194,"Yes"
"393","S8638871",3961,"T05","10/05/13 15:46",80,100,100,80,100,100,80,80,60,80,100,100,NA,80,3269,"Yes"
"394","S8638905",4162,"T01","11/05/13 12:44",100,100,80,100,80,60,80,60,100,100,100,100,NA,80,2824,"Yes"
"395","S8638933",4304,"T03","15/05/13 8:22",100,100,100,100,100,100,100,100,80,100,100,100,NA,100,3063,"Yes"
"396","S8638951",3787,"T08","6/05/13 10:00",100,100,80,100,100,100,80,80,80,80,100,80,NA,100,2849,"Yes"
"397","S8638957",4119,"T02","13/05/13 9:50",100,100,80,100,100,100,60,80,100,100,60,100,NA,100,3153,"Yes"
"398","S8639039",4265,"T25","16/05/13 11:17",60,100,60,80,100,100,60,80,80,80,100,100,NA,80,3192,"Yes"
"399","S8639073",5448,"T25","1/06/13 8:52",100,100,100,100,100,100,80,100,80,100,100,100,NA,100,2897,"Yes"
"400","S8639101",3908,"T02","7/05/13 14:16",100,100,60,80,80,100,60,80,80,60,60,80,NA,80,2916,"Yes"
"401","S8639107",3818,"T02","9/05/13 14:09",100,100,60,100,100,100,60,100,100,80,60,100,NA,80,3101,"Yes"
"402","S8639123",4266,"T23","16/05/13 8:41",80,100,80,80,100,100,100,100,80,60,100,100,NA,100,2935,"Yes"
"403","S8639171",3711,"T17","6/05/13 13:57",100,100,100,100,100,100,80,100,100,100,100,100,NA,100,2971,"Yes"
"404","S8639187",4043,"T01","7/05/13 15:00",100,100,100,80,100,100,60,60,100,100,100,100,NA,100,2895,"Yes"
"405","S8639267",3842,"T23","5/05/13 17:46",100,60,80,20,100,40,80,80,80,20,40,100,NA,60,3241,"Yes"
"406","S8639315",3776,"T17","9/05/13 9:57",100,100,60,80,100,100,60,100,100,100,40,100,NA,80,2948,"Yes"
"407","S8639333",3851,"T23","7/05/13 14:45",100,100,100,20,40,80,60,80,80,60,40,100,NA,80,3200,"Yes"
"408","S8639347",3685,"T10","8/05/13 23:42",100,100,60,100,100,80,100,100,80,80,100,100,NA,100,2887,"Yes"
"409","S8639379",4116,"T01","11/05/13 12:44",100,100,60,80,100,80,80,60,100,100,100,80,NA,80,3054,"Yes"
"410","S8639427",3834,"T17","9/05/13 9:57",80,100,60,80,80,100,40,40,60,60,40,60,NA,60,3158,"Yes"
"411","S8639447",3737,"T23","5/05/13 17:46",80,40,40,20,40,20,20,60,60,60,100,80,NA,60,3028,"Yes"
"412","S8639459",3704,"T16","9/05/13 9:56",100,100,80,100,100,80,60,60,60,60,60,80,NA,80,3095,"Yes"
"413","S8639503",4339,"T21","16/05/13 8:48",80,100,80,80,80,40,80,60,80,80,100,100,NA,80,2944,"Yes"
"414","S8639511",3975,"T22","8/05/13 12:08",80,100,60,100,100,80,60,100,100,100,100,100,NA,100,2904,"Yes"
"415","S8639529",4198,"T23","12/05/13 21:34",80,100,60,20,100,100,60,80,80,80,80,100,NA,80,2884,"Yes"
"416","S8639565",3987,"T05","8/05/13 13:18",100,100,100,80,80,100,80,80,80,60,100,100,NA,80,2831,"Yes"
"417","S8639639",4218,"T22","12/05/13 16:53",80,100,100,80,80,100,80,100,100,100,100,100,NA,100,3262,"Yes"
"418","S8639653",3930,"T12","5/05/13 17:46",100,100,100,100,80,20,60,80,80,60,100,100,NA,80,3376,"Yes"
"419","S8639663",4186,"T03","15/05/13 8:22",100,100,100,80,100,100,80,60,40,80,100,100,NA,80,3223,"Yes"
"420","S8639671",4376,"T23","12/05/13 21:34",80,100,60,20,100,100,40,40,80,100,80,80,NA,80,3029,"Yes"
"421","S8639765",4280,"T01","16/05/13 8:48",100,100,100,100,80,60,80,40,80,100,20,100,NA,80,3020,"Yes"
"422","S8639801",3695,"T01","2/05/13 20:56",100,100,80,80,80,80,60,60,80,100,60,80,NA,80,2929,"Yes"
"423","S8639805",3797,"T08","6/05/13 10:00",100,60,80,80,100,80,80,60,80,80,100,80,NA,80,3215,"Yes"
"424","S8639807",3936,"T21","10/05/13 11:16",100,100,60,100,80,100,80,60,100,100,100,100,NA,100,3174,"Yes"
"425","S8639833",3783,"T03","10/05/13 11:16",100,100,100,100,100,100,100,100,80,100,100,100,NA,100,3042,"Yes"
"426","S8639929",4383,"T16","11/05/13 12:44",80,60,40,20,60,80,40,40,40,40,20,60,NA,60,3260,"Yes"
"428","S8639947",3932,"T10","7/05/13 11:59",100,100,100,80,100,100,100,80,100,100,100,100,NA,100,3202,"Yes"
"429","S8639971",4026,"T10","7/05/13 11:59",100,100,100,100,80,100,60,80,100,80,100,80,NA,100,2870,"Yes"
"430","S8639997",3698,"T16","9/05/13 9:56",100,100,100,100,100,40,60,80,100,80,100,80,NA,100,2969,"Yes"
"431","S8639999",3946,"T05","8/05/13 13:18",100,100,80,80,80,100,80,100,80,100,80,100,NA,100,2876,"Yes"
"432","S8640017",4195,"T25","15/05/13 13:41",60,100,100,100,100,100,60,80,80,100,100,100,NA,100,2820,"Yes"
"433","S8640023",5380,"T17","30/05/13 6:35",100,100,100,100,100,100,100,80,100,100,60,80,NA,100,2988,"Yes"
"434","S8640029",4072,"T01","11/05/13 12:44",80,100,100,100,100,60,80,80,100,100,100,100,NA,100,3047,"Yes"
"435","S8640085",3852,"T23","7/05/13 14:45",80,100,80,100,100,80,80,100,100,100,100,100,NA,100,2954,"Yes"
"436","S8640149",4337,"T10","17/05/13 2:28",100,100,100,80,80,80,60,80,80,80,60,80,NA,80,2830,"Yes"
"437","S8640183",3741,"T15","5/05/13 17:46",100,80,100,100,100,100,80,100,100,80,100,100,NA,100,3284,"Yes"
"438","S8640199",3949,"T05","8/05/13 13:18",100,100,80,80,80,100,60,60,60,60,20,100,NA,80,3245,"Yes"
"439","S8640233",4098,"T15","12/05/13 16:53",100,100,100,80,100,100,100,100,100,80,100,100,NA,100,2899,"Yes"
"440","S8640247",3723,"T10","8/05/13 23:42",100,100,80,40,60,80,60,60,40,100,40,80,NA,60,3057,"Yes"
"441","S8640247",4398,"N/A","N/A",NA,NA,NA,NA,NA,NA,NA,NA,NA,NA,NA,NA,NA,NA,3057,"Yes"
"442","S8640283",4078,"T02","13/05/13 9:50",100,100,100,100,100,100,100,100,80,100,60,100,NA,100,3205,"Yes"
"443","S8640375",3927,"T03","7/05/13 13:23",100,100,80,80,80,60,60,40,40,60,40,60,NA,60,2966,"Yes"
"444","S8640383",4391,"T23","12/05/13 21:34",100,60,60,20,40,20,20,40,40,20,20,60,NA,40,3065,"Yes"
"445","S8640513",4421,"T23","16/05/13 8:41",80,60,60,20,60,100,40,80,100,100,100,100,NA,80,3019,"Yes"
"446","S8640519",3962,"T02","7/05/13 14:16",100,100,100,80,100,100,60,100,100,80,100,80,NA,100,3086,"Yes"
"447","S8640535",3801,"T03","10/05/13 11:16",100,100,100,100,100,80,40,100,80,80,100,100,NA,100,3003,"Yes"
"448","S8640537",3928,"T15","10/05/13 11:16",100,100,100,100,80,80,80,80,80,80,40,80,NA,80,3239,"Yes"
"449","S8640561",4351,"T23","16/05/13 8:41",100,100,40,20,100,100,40,60,60,80,100,100,NA,80,3289,"No login"
"450","S8640575",4231,"T03","15/05/13 8:22",100,100,60,80,100,80,60,60,60,60,80,100,NA,80,2836,"Yes"
"451","S8640591",4011,"T05","10/05/13 15:46",100,100,80,100,100,100,80,60,80,60,80,100,NA,80,2894,"Yes"
"452","S8640603",4801,"T25","16/05/13 11:17",80,100,80,80,60,100,60,80,80,80,100,80,NA,80,3294,"Yes"
"453","S8640603",3916,"N/A","N/A",NA,NA,NA,NA,NA,NA,NA,NA,NA,NA,NA,NA,NA,NA,3294,"Yes"
"454","S8640609",3680,"T18","8/05/13 13:21",100,100,80,80,80,100,60,80,80,100,60,80,NA,80,3151,"Yes"
"455","S8640615",4102,"T21","13/05/13 10:03",80,100,80,100,80,80,60,60,60,60,40,100,NA,80,2818,"Yes"
"456","S8640637",3836,"T17","9/05/13 9:57",80,100,100,80,100,100,60,80,80,80,100,100,NA,80,3130,"Yes"
"457","S8640661",4023,"T03","7/05/13 13:23",100,100,60,80,80,80,80,60,60,40,100,80,NA,80,2978,"Yes"
"458","S8640721",3972,"T05","8/05/13 13:18",100,100,80,80,80,80,60,100,100,100,100,100,NA,100,2915,"Yes"
"459","S8640745",4092,"T01","11/05/13 12:44",100,100,60,80,100,80,80,100,100,100,100,80,NA,100,3070,"Yes"
"460","S8640747",3743,"T10","6/05/13 9:14",100,100,100,100,100,100,80,80,80,60,40,80,NA,100,3182,"Yes"
"462","S8640765",4269,"T21","16/05/13 8:48",100,100,100,80,100,100,100,80,80,100,100,100,NA,100,3214,"Yes"
"463","S8640801",4048,"T10","9/05/13 0:07",100,100,80,80,80,100,60,80,80,80,60,80,NA,80,3378,"Yes"
"464","S8640829",3744,"T05","9/05/13 9:56",100,100,80,20,100,100,100,100,100,80,100,100,NA,100,3045,"Yes"
"465","S8640911",4067,"T25","13/05/13 17:36",100,100,100,100,60,80,100,80,80,80,100,100,NA,100,3106,"Yes"
"466","S8640921",4099,"T10","12/05/13 15:15",100,100,100,100,100,100,80,60,80,100,100,80,NA,100,3206,"Yes"
"467","S8640959",4148,"T19","13/05/13 16:27",100,100,80,80,80,100,80,60,60,60,60,60,NA,80,3119,"Yes"
"468","S8640967",5463,"T25","4/06/13 9:02",80,100,80,100,100,80,40,80,80,80,100,100,NA,80,3237,"Yes"
"469","S8640977",4320,"T21","16/05/13 8:48",100,100,100,80,100,100,100,60,100,100,40,100,NA,80,3244,"Yes"
"470","S8641011",4404,"N/A","N/A",NA,NA,NA,NA,NA,NA,NA,NA,NA,NA,NA,NA,NA,NA,3056,"Yes"
"471","S8641011",3806,"T10","6/05/13 9:14",100,100,100,80,80,100,60,60,80,40,40,80,NA,80,3056,"Yes"
"472","S8641045",4321,"T23","16/05/13 8:41",100,100,80,20,100,100,40,40,80,100,100,100,NA,80,3008,"Yes"
"473","S8641119",4319,"T03","15/05/13 8:22",100,60,40,80,80,100,60,40,60,80,60,60,NA,60,3064,"Yes"
"475","S8641161",4336,"T10","16/05/13 11:17",100,100,80,100,100,60,60,80,60,40,100,80,NA,80,3211,"Yes"
"476","S8641165",4222,"T22","12/05/13 16:53",80,100,100,100,100,100,80,100,100,100,80,100,NA,100,2799,"Yes"
"477","S8641175",3683,"T23","5/05/13 17:46",100,100,60,40,100,100,40,40,60,100,80,80,NA,80,3286,"Yes"
"478","S8641217",3666,"T18","8/05/13 13:21",100,100,100,100,100,100,80,80,100,100,100,100,NA,100,3108,"Yes"
"479","S8641225",3728,"T16","9/05/13 9:56",100,100,60,80,80,40,40,60,60,60,100,80,NA,80,3163,"Yes"
"480","S8641227",3675,"T25","9/05/13 9:57",100,100,60,100,100,100,100,100,100,100,100,80,NA,100,3152,"Yes"
"481","S8641315",3688,"T21","6/05/13 9:52",80,100,80,100,80,100,80,100,100,100,40,100,NA,80,2789,"Yes"
"482","S8641331",4275,"T25","16/05/13 11:17",80,100,80,100,100,100,80,80,80,100,100,80,NA,100,3279,"Yes"
"483","S8641407",4252,"T10","15/05/13 8:22",100,60,60,80,100,100,60,80,60,40,100,80,NA,80,2814,"Yes"
"484","S8641463",4030,"T23","5/05/13 17:48",100,100,80,100,100,80,60,80,80,60,80,100,NA,80,3046,"Yes"
"485","S8641481",3841,"T10","6/05/13 9:14",100,100,80,80,80,60,20,80,60,80,100,80,NA,80,2984,"Yes"
"486","S8641601",4142,"T01","11/05/13 12:44",100,80,100,80,100,80,80,80,100,100,100,80,NA,100,3270,"Yes"
"487","S8641637",3719,"T18","8/05/13 13:21",100,100,80,100,100,100,80,80,80,80,80,100,NA,100,2965,"Yes"
"488","S8641655",4086,"T09","11/05/13 8:15",100,100,80,80,80,100,60,60,60,60,80,60,80,NA,2807,"Yes"
"489","S8641661",3808,"T03","10/05/13 11:16",100,100,80,80,100,100,80,100,80,100,100,100,NA,100,2821,"Yes"
"490","S8641715",4274,"T25","16/05/13 11:17",100,100,60,100,100,100,60,80,60,80,60,100,NA,80,3169,"Yes"
"491","S8641791",3736,"T21","6/05/13 9:52",100,100,80,100,100,100,80,100,100,100,100,100,NA,100,2917,"Yes"
"492","S8641823",3966,"T25","9/05/13 14:12",80,100,100,100,100,100,80,80,80,80,100,80,NA,100,3268,"Yes"
"493","S8641865",3720,"T16","10/05/13 18:13",100,100,100,100,100,100,60,80,80,100,100,80,NA,100,3224,"Yes"
"494","S8641881",4246,"T25","15/05/13 13:41",80,100,80,100,80,80,80,60,60,60,100,80,NA,80,2909,"Yes"
"495","S8641887",5472,"T02","4/06/13 9:02",100,100,60,80,100,20,60,60,80,80,60,80,NA,80,3195,"Yes"
"496","S8641907",4125,"T10","12/05/13 15:15",100,100,100,80,100,100,80,100,100,100,100,100,NA,100,2815,"Yes"
"497","S8641981",3687,"T02","9/05/13 14:09",100,100,80,100,100,100,60,80,100,80,60,100,NA,80,2950,"Yes"
"498","S8642055",3803,"T21","6/05/13 9:52",100,100,80,100,80,80,60,60,80,100,100,100,NA,80,2804,"Yes"
"499","S8642111",4405,"N/A","N/A",NA,NA,NA,NA,NA,NA,NA,NA,NA,NA,NA,NA,NA,NA,3180,"Yes"
"500","S8642111",3854,"T10","6/05/13 9:14",100,100,100,80,60,20,60,80,80,80,100,80,NA,100,3180,"Yes"
"501","S8642137",3739,"T20","2/05/13 20:46",100,100,100,100,80,100,80,80,80,80,100,80,NA,100,3122,"Yes"
"503","S8642171",4374,"T05","16/05/13 11:26",80,100,100,100,100,80,100,100,60,80,100,100,NA,100,2557,"Yes"
"504","S8642235",3753,"T23","7/05/13 14:45",80,100,40,100,40,80,40,60,60,60,40,60,NA,60,2868,"Yes"
"505","S8642291",3717,"T17","9/05/13 9:57",40,100,60,80,100,80,60,40,60,60,60,60,NA,60,3243,"Yes"
"506","S8642303",4311,"T05","16/05/13 11:26",100,100,80,80,100,100,80,80,100,60,100,100,NA,100,3140,"Yes"
"507","S8642325",3729,"T17","6/05/13 13:58",100,100,100,80,100,100,80,80,80,100,40,80,NA,80,3226,"Yes"
"508","S8642343",4234,"T15","19/05/13 16:04",80,100,100,80,80,100,100,80,80,80,20,80,NA,80,2996,"Yes"
"509","S8642363",3709,"T17","9/05/13 9:57",100,100,100,100,100,100,80,100,100,80,40,100,NA,100,3235,"Yes"
"510","S8642441",4379,"T15","15/05/13 8:22",80,100,80,80,100,80,60,100,100,80,40,100,NA,80,2994,"Yes"
"511","S8642463",4140,"T09","11/05/13 8:15",100,100,80,80,20,20,40,60,60,80,60,60,NA,60,2822,"Yes"
"512","S8642479",4305,"T25","16/05/13 11:17",60,100,60,80,100,80,60,80,80,100,100,100,NA,80,3196,"Yes"
"513","S8642499",3727,"T19","6/05/13 9:28",100,100,80,80,100,100,100,80,100,100,100,80,NA,100,2786,"Yes"
"515","S8642575",4212,"T10","15/05/13 8:22",100,100,100,100,80,100,60,100,80,100,40,80,NA,100,3037,"Yes"
"517","S8642627",3798,"T15","5/05/13 17:46",100,100,100,100,100,80,100,100,100,100,100,100,NA,100,3220,"Yes"
"518","S8642671",3681,"T18","8/05/13 13:21",100,100,80,80,100,100,80,80,80,100,80,100,NA,100,3072,"Yes"
"519","S8642705",4079,"T09","11/05/13 8:15",100,40,100,80,100,80,60,60,60,80,60,60,NA,80,3049,"Yes"
"520","S8642715",3738,"T10","8/05/13 23:42",100,100,100,100,100,80,80,100,100,60,40,100,NA,100,3084,"Yes"
"521","S8642751",4306,"T01","16/05/13 8:48",100,100,40,80,100,100,80,80,100,100,100,100,NA,100,2806,"Yes"
"522","S8642795",4049,"T05","8/05/13 13:18",100,100,60,80,100,100,60,100,80,80,80,100,NA,80,2914,"Yes"
"523","S8642799",4226,"T15","15/05/13 8:22",100,100,100,80,100,100,80,20,20,60,20,80,NA,80,2934,"Yes"
"524","S8642807",3791,"T20","2/05/13 20:46",80,100,80,100,100,100,100,100,100,100,100,100,NA,100,3197,"Yes"
"525","S8642821",4864,"T22","19/05/13 16:04",80,100,100,100,80,80,80,100,100,100,80,100,NA,100,2898,"Yes"
"527","S8642859",4082,"T21","13/05/13 10:03",100,100,80,100,80,80,80,100,100,100,100,100,NA,100,3002,"Yes"
"528","S8642873",3953,"T05","17/05/13 2:28",100,80,40,100,100,100,80,80,60,80,100,100,NA,80,3079,"Yes"
"529","S8642897",4106,"T02","13/05/13 9:50",100,100,60,80,80,20,60,40,80,60,20,80,NA,60,2933,"Yes"
"530","S8642899",3990,"T24","8/05/13 0:17",100,100,80,80,100,100,80,80,80,80,100,100,NA,80,3026,"Yes"
"531","S8642911",3749,"T17","9/05/13 9:57",100,100,100,100,80,100,60,80,80,100,60,80,NA,80,2975,"Yes"
"532","S8642921",3722,"T05","9/05/13 9:56",100,100,80,80,100,100,80,100,100,60,40,100,NA,80,3300,"Yes"
"533","S8642937",3903,"T01","7/05/13 15:00",100,100,100,80,100,60,60,60,80,100,100,100,NA,80,3033,"Yes"
"534","S8642969",4322,"T03","15/05/13 8:22",100,100,60,80,100,60,80,80,80,100,60,80,NA,80,3172,"Yes"
"535","S8642979",3820,"T02","9/05/13 14:09",100,100,80,80,100,40,60,60,80,80,100,80,NA,80,3199,"Yes"
"536","S8643043",3692,"T15","5/05/13 17:46",80,100,80,100,100,80,80,100,100,80,100,100,NA,100,3139,"Yes"
"537","S8643057",4191,"T10","15/05/13 8:22",80,100,80,100,100,60,60,60,60,80,60,80,NA,80,2889,"Yes"
"538","S8643087",3716,"T01","2/05/13 20:56",100,40,40,80,100,80,40,80,60,80,20,80,NA,60,2855,"Yes"
"539","S8643119",4346,"T16","11/05/13 12:44",100,100,80,80,80,60,40,80,80,60,100,80,NA,80,2908,"Yes"
"540","S8643127",3941,"T05","8/05/13 13:18",100,100,80,80,80,100,80,60,60,60,40,100,NA,80,3111,"Yes"
"541","S8643159",4036,"T03","7/05/13 13:23",100,60,60,80,100,80,80,80,80,80,100,80,NA,80,3146,"Yes"
"542","S8643163",4224,"T23","12/05/13 21:34",100,100,40,20,100,80,40,80,60,100,80,100,NA,80,3143,"Yes"
"543","S8643187",4185,"T22","12/05/13 16:53",80,100,60,80,80,80,20,80,80,60,100,100,NA,80,2816,"Yes"
"544","S8643203",3745,"T25","9/05/13 9:57",80,100,80,100,80,80,80,80,60,80,100,80,NA,80,3018,"Yes"
"545","S8643249",3769,"T02","9/05/13 14:09",80,100,100,80,80,100,60,60,80,100,100,80,NA,80,2922,"Yes"
"546","S8643259",3824,"T16","9/05/13 9:56",80,100,60,80,20,40,40,40,40,20,20,60,NA,60,2881,"Yes"
"547","S8643265",5466,"T22","1/06/13 8:52",80,100,80,80,100,80,80,80,80,80,100,100,NA,80,2896,"Yes"
"548","S8643291",3731,"T16","9/05/13 9:56",80,100,80,80,40,80,60,80,80,100,100,80,NA,80,3044,"Yes"
"549","S8643295",4283,"T23","16/05/13 8:41",100,100,100,100,100,100,80,80,100,100,100,100,NA,100,2995,"Yes"
"550","S8643313",4168,"T10","10/05/13 11:10",100,100,40,20,40,100,60,60,100,40,60,80,NA,80,2819,"Yes"
"551","S8643321",4139,"T15","12/05/13 16:53",100,100,100,80,20,100,100,80,80,60,40,80,NA,80,3232,"Yes"
"552","S8643363",4105,"T19","13/05/13 16:27",100,100,100,100,100,100,80,100,100,100,100,80,NA,100,2886,"Yes"
"553","S8643381",4204,"T25","15/05/13 13:41",60,20,20,80,20,80,60,60,60,60,20,80,NA,60,2963,"Yes"
"554","S8643395",3937,"T21","10/05/13 11:16",80,100,40,20,80,80,60,80,100,100,60,100,NA,80,2990,"Yes"
"555","S8643403",4245,"T10","15/05/13 8:22",100,100,100,100,100,100,60,80,80,60,100,80,NA,100,3090,"Yes"
"556","S8643465",4089,"T23","28/05/13 10:26",100,60,40,20,40,100,60,80,60,60,80,80,NA,60,3107,"Yes"
"557","S8643517",4081,"T15","12/05/13 16:53",100,100,100,80,100,80,100,80,100,80,100,80,NA,100,2968,"Yes"
"558","S8643521",4233,"T22","12/05/13 16:53",100,100,100,80,100,100,80,100,100,100,100,100,NA,100,3225,"Yes"
"559","S8643537",4417,"T17","30/05/13 6:35",100,40,40,40,40,100,60,60,60,60,100,80,NA,60,3043,"Yes"
"560","S8643539",4223,"T22","12/05/13 16:53",80,100,60,100,100,100,100,100,100,100,60,100,NA,100,3138,"Yes"
"561","S8643543",3700,"T17","6/05/13 13:57",100,100,100,80,100,100,80,80,100,100,100,100,NA,100,3198,"Yes"
"562","S8643569",3713,"T17","6/05/13 13:57",100,100,100,100,100,100,100,100,100,100,100,100,NA,100,2854,"Yes"
"563","S8643587",4332,"T05","16/05/13 11:26",100,100,100,80,100,100,80,80,80,60,100,100,NA,100,2865,"Yes"
"564","S8643825",3913,"T22","8/05/13 12:08",80,100,60,100,80,80,80,100,100,100,60,100,NA,80,3032,"Yes"
"565","S8643873",4285,"T10","17/05/13 2:28",100,100,100,80,80,80,60,60,80,80,60,80,NA,80,2893,"Yes"
"566","S8643911",4240,"T10","15/05/13 8:22",100,100,80,100,100,100,60,80,80,80,100,100,NA,100,2924,"Yes"
"567","S8643937",4327,"T03","15/05/13 8:22",100,100,60,80,20,60,60,40,40,80,40,60,NA,60,3052,"Yes"
"568","S8643983",3823,"T05","9/05/13 9:56",100,100,40,40,100,80,60,40,60,40,20,100,NA,60,3248,"No login"
"570","S8644069",4334,"T01","16/05/13 8:48",100,100,100,80,100,60,80,80,100,100,20,60,NA,80,3228,"Yes"
"571","S8644077",3735,"T18","8/05/13 13:21",80,100,100,80,100,100,100,60,60,80,100,80,NA,100,3293,"Yes"
"572","S8644115",3662,"T19","6/05/13 9:28",80,100,80,100,80,80,80,80,80,80,100,80,NA,80,3144,"Yes"
"573","S8644143",4364,"T10","7/05/13 11:59",100,100,100,100,80,100,80,60,80,60,100,60,NA,80,2931,"Yes"
"574","S8644255",4138,"T19","13/05/13 16:27",100,100,100,80,100,100,80,80,100,80,100,100,NA,100,3240,"Yes"
"575","S8644287",4137,"T10","10/05/13 11:10",100,100,100,80,100,100,80,80,100,60,100,80,NA,100,2967,"Yes"
"576","S8644297",3904,"T12","5/05/13 17:46",80,100,60,100,80,80,80,80,80,80,100,80,NA,80,3379,"Yes"
"577","S8644307",4235,"T10","15/05/13 8:22",80,100,60,100,80,60,60,80,80,80,60,80,NA,NA,2952,"Yes"
"578","S8644351",3821,"T10","6/05/13 9:14",100,100,100,80,100,100,80,80,80,40,60,80,NA,80,3302,"Yes"
"579","S8644351",4249,"N/A","N/A",NA,NA,NA,NA,NA,NA,NA,NA,NA,NA,NA,NA,NA,NA,3302,"Yes"
"580","S8644357",3682,"T02","9/05/13 14:09",100,100,100,100,100,100,60,60,80,60,60,80,NA,NA,3212,"Yes"
"581","S8644491",3663,"T18","8/05/13 13:21",80,100,100,100,80,100,80,100,100,60,100,100,NA,100,2829,"Yes"
"582","S8644551",4308,"T03","15/05/13 8:22",100,100,80,100,80,100,80,80,60,80,100,80,NA,80,2936,"No login"
"583","S8644587",3813,"T03","10/05/13 11:16",80,100,100,100,100,80,100,100,80,100,100,100,NA,100,3080,"Yes"
"584","S8644613",4120,"T09","11/05/13 8:15",100,100,80,80,80,80,80,80,60,100,100,60,NA,80,2859,"Yes"
"585","S8644627",4382,"T23","12/05/13 21:34",100,100,80,20,100,100,40,100,80,20,100,100,NA,80,3213,"Yes"
"587","S8644649",3725,"T21","6/05/13 9:52",60,80,100,80,80,60,100,60,80,80,100,100,NA,80,2918,"Yes"
"588","S8644657",4095,"T25","13/05/13 17:36",100,100,100,100,100,100,100,80,80,100,100,80,NA,100,3210,"Yes"
"589","S8644661",3762,"T19","6/05/13 9:28",80,100,80,80,100,100,80,80,80,80,100,80,NA,80,2874,"Yes"
"590","S8644671",4034,"T03","7/05/13 13:23",80,100,60,100,80,60,80,80,40,80,100,80,NA,80,3181,"Yes"
"591","S8644701",4331,"T23","16/05/13 8:41",100,100,60,20,60,100,40,80,100,100,100,100,NA,80,3039,"Yes"
"592","S8644705",4244,"T01","12/05/13 21:42",100,80,100,80,100,100,60,60,100,80,40,60,NA,80,3282,"Yes"
"593","S8644733",3827,"T03","10/05/13 11:16",100,100,60,100,100,80,100,60,80,100,100,100,NA,100,3298,"Yes"
"594","S8644735",4126,"T09","11/05/13 8:15",100,100,100,80,80,80,60,80,60,80,80,80,NA,80,3083,"Yes"
"595","S8644769",4035,"T03","7/05/13 13:23",60,100,100,100,100,100,60,60,60,100,100,100,NA,80,2930,"Yes"
"596","S8644833",4199,"T23","12/05/13 21:34",80,100,40,20,100,80,60,80,60,60,80,100,NA,80,3267,"Yes"
"597","S8644913",3707,"T17","9/05/13 9:57",80,80,100,100,100,100,80,100,100,100,60,100,NA,100,3162,"Yes"
"598","S8645073",4174,"T01","15/05/13 13:40",100,100,60,100,100,100,80,60,100,80,100,80,NA,80,2956,"Yes"
"599","S8645073",4798,"T23","14/05/13 8:56",100,100,80,100,80,100,60,80,80,60,100,100,NA,80,2956,"Yes"
"600","S8645077",3810,"T23","5/05/13 17:48",100,100,80,100,100,100,80,100,80,60,100,100,NA,100,2788,"Yes"
"601","S8645081",4192,"T23","12/05/13 21:34",100,100,60,20,100,100,80,100,60,60,80,80,NA,80,3183,"Yes"
"603","S8645135",4038,"T19","10/05/13 11:12",80,100,80,80,80,100,100,60,80,60,20,80,NA,80,2920,"Yes"
"604","S8645151",4032,"T12","5/05/13 17:46",100,100,60,100,80,20,80,80,80,100,60,80,NA,80,2863,"Yes"
"605","S8645167",3826,"T17","6/05/13 13:58",100,80,100,80,100,100,100,100,100,100,100,100,NA,100,2847,"Yes"
"606","S8645225",4013,"T03","7/05/13 13:23",100,100,60,100,80,80,80,80,80,80,100,100,NA,80,2986,"Yes"
"607","S8645301",4325,"T03","15/05/13 8:22",100,100,60,100,80,20,40,40,60,100,40,100,NA,80,3219,"Yes"
"608","S8645375",4410,"T21","10/05/13 12:13",20,100,40,20,80,80,60,80,100,100,100,100,NA,80,3025,"Yes"
"609","S8645481",4230,"T22","12/05/13 16:53",80,60,60,80,100,100,80,100,100,100,80,100,NA,80,3048,"Yes"
"610","S8645549",4113,"T02","13/05/13 9:50",100,80,60,80,80,100,60,60,80,80,20,60,NA,80,3017,"Yes"
"611","S8645561",4328,"T12","13/05/13 9:31",100,100,100,100,100,100,80,80,80,60,80,100,NA,100,2843,"Yes"
"612","S8645615",4314,"T16","13/05/13 9:57",80,100,40,20,80,80,60,60,40,40,80,80,NA,60,2888,"Yes"
"613","S8645683",4286,"T25","16/05/13 8:48",100,100,60,100,100,100,80,100,80,100,100,100,NA,100,3067,"Yes"
"614","S8645711",4409,"T02","28/05/13 10:26",100,100,100,80,100,100,40,80,80,100,80,80,NA,NA,3031,"Yes"
"615","S8645751",4015,"T25","9/05/13 14:12",80,100,80,100,100,100,80,80,60,80,100,80,NA,80,2852,"Yes"
"616","S8645759",4167,"T20","5/05/13 17:46",100,100,80,80,100,100,100,100,100,80,100,100,NA,100,2949,"Yes"
"617","S8645779",4216,"T15","15/05/13 8:22",100,100,100,100,100,100,80,80,80,60,100,80,NA,100,3117,"Yes"
"618","S8645809",4093,"T21","13/05/13 10:03",100,100,80,100,100,100,80,60,100,100,100,100,NA,100,3177,"Yes"
"619","S8645811",3982,"T24","8/05/13 11:28",100,100,60,80,80,100,60,40,60,80,100,100,NA,80,3038,"Yes"
"621","S8645871",4024,"T02","7/05/13 14:16",100,100,60,80,80,100,60,60,60,40,20,60,NA,60,3035,"Yes"
"622","S8645889",4259,"T03","15/05/13 8:22",100,100,40,80,80,60,60,40,40,60,40,60,NA,60,3071,"Yes"
"623","S8645993",3750,"T10","6/05/13 9:14",100,100,100,80,80,100,60,80,60,40,100,60,NA,80,2938,"Yes"
"624","S8645999",4348,"T16","13/05/13 9:57",80,100,60,20,100,80,40,80,40,100,100,80,NA,80,3097,"Yes"
"625","S8646011",3822,"T01","2/05/13 20:56",100,100,100,80,100,100,80,100,100,80,100,100,NA,100,3166,"Yes"
"626","S8646013",4136,"T08","8/05/13 9:46",80,100,80,80,100,100,80,80,80,60,100,80,NA,80,3299,"Yes"
"627","S8646013",4392,"T23","12/05/13 21:34",80,100,60,20,100,100,40,80,60,60,80,100,NA,80,3299,"Yes"
"628","S8646017",4315,"T16","11/05/13 12:44",100,100,60,80,80,80,40,80,60,60,100,80,NA,80,3290,"Yes"
"629","S8646045",3838,"T23","7/05/13 14:45",100,100,80,100,80,80,40,60,60,100,100,80,NA,80,3093,"Yes"
"630","S8646053",3659,"T08","6/05/13 10:00",80,100,60,80,80,80,60,60,60,60,60,80,NA,80,3191,"Yes"
"631","S8646073",4161,"T02","13/05/13 9:50",100,100,60,80,80,100,60,100,80,100,60,80,NA,80,2987,"Yes"
"632","S8646095",3816,"T10","8/05/13 23:42",100,100,80,40,100,60,60,60,60,80,60,60,NA,80,3098,"Yes"
"634","S8646183",3654,"T24","8/05/13 23:07",100,100,60,80,80,100,60,40,60,60,20,60,NA,60,3024,"Yes"
"635","S8646197",4200,"T05","16/05/13 11:26",100,100,100,100,60,100,80,80,100,100,100,80,NA,100,2910,"Yes"
"636","S8646251",4870,"T03","19/05/13 16:04",80,100,100,100,100,100,100,100,80,100,100,100,NA,100,3253,"Yes"
"637","S8646257",4014,"T22","8/05/13 12:08",80,100,60,100,80,100,80,100,100,80,60,100,NA,80,2911,"Yes"
"638","S8646273",4152,"T09","11/05/13 8:15",100,100,60,60,80,100,60,60,60,100,100,60,NA,80,3304,"Yes"
"639","S8646317",3853,"T17","6/05/13 13:58",100,100,100,80,100,100,80,60,100,100,60,100,NA,100,3283,"Yes"
"640","S8646381",4293,"T01","16/05/13 8:48",100,100,80,100,80,100,80,80,100,100,20,60,NA,80,3190,"Yes"
"641","S8646433",4277,"T05","16/05/13 11:26",100,100,80,80,100,100,80,80,60,80,100,100,NA,80,3074,"Yes"
"642","S8646453",3929,"T23","5/05/13 17:48",100,100,60,100,100,80,40,100,100,100,100,100,NA,100,3103,"Yes"
"643","S8646547",4219,"T05","16/05/13 11:26",100,100,100,100,60,100,80,80,40,80,100,100,NA,80,3126,"Yes"
"644","S8646609",4358,"T25","16/05/13 11:17",60,100,80,80,100,100,80,100,100,100,100,80,NA,100,2851,"No login"
"645","S8646627",4160,"T15","12/05/13 16:53",100,100,100,80,100,80,100,80,100,80,100,80,NA,100,3011,"Yes"
"646","S8646649",4251,"T16","11/05/13 12:44",100,100,60,80,80,100,60,20,40,20,20,80,NA,60,3173,"Yes"
"647","S8646663",4335,"T21","16/05/13 8:48",100,100,80,80,NA,40,60,80,80,100,100,100,NA,80,3193,"Yes"
"648","S8646667",3996,"T01","7/05/13 23:30",100,100,100,80,80,60,40,60,60,80,100,60,NA,80,2877,"Yes"
"649","S8646761",4159,"T20","5/05/13 17:46",80,80,80,80,100,100,100,100,100,100,80,100,NA,100,3381,"Yes"
"650","S8646763",4183,"T22","12/05/13 16:53",80,100,60,100,80,100,80,100,100,100,100,100,NA,100,2947,"Yes"
"651","S8646801",4031,"T10","7/05/13 13:14",80,40,60,100,60,100,60,80,80,40,40,80,NA,80,2892,"Yes"
"652","S8646837",3977,"T25","9/05/13 14:12",80,100,60,100,100,100,60,80,80,80,100,80,NA,80,3288,"Yes"
"653","S8646851",3782,"T01","2/05/13 20:56",100,100,100,80,80,100,80,60,100,80,100,80,NA,80,3092,"Yes"
"654","S8646865",3766,"T02","9/05/13 14:09",100,100,60,100,100,60,60,60,80,60,60,80,NA,80,2992,"Yes"
"655","S8646923",4343,"T10","17/05/13 2:28",100,100,60,100,100,60,60,60,60,40,40,80,NA,80,3250,"Yes"
"656","S8646933",4300,"T12","13/05/13 9:31",100,100,60,60,80,100,60,80,60,60,100,100,NA,80,2957,"Yes"
"657","S8646949",4085,"T09","11/05/13 8:15",100,100,80,80,60,20,40,60,60,80,80,60,NA,80,2982,"Yes"
"658","S8646953",3726,"T18","8/05/13 13:21",80,100,80,80,100,100,100,80,80,80,100,100,NA,100,3145,"Yes"
"659","S8646975",3938,"T22","8/05/13 12:08",80,100,60,100,80,100,80,100,100,100,100,100,NA,100,3251,"Yes"
"660","S8646987",3831,"T25","9/05/13 9:57",60,100,60,80,80,60,60,60,80,60,40,80,60,NA,3102,"Yes"
"661","S8647011",4107,"T25","13/05/13 17:36",100,100,100,100,60,80,80,80,80,60,100,80,NA,80,3254,"Yes"
"662","S8647097",3963,"T25","9/05/13 14:12",100,100,100,80,100,100,80,80,80,100,100,100,NA,100,2875,"Yes"
"663","S8647149",4270,"T01","16/05/13 8:48",100,100,100,100,80,60,80,80,100,100,100,100,NA,100,2903,"Yes"
"665","S8647173",4381,"T05","16/05/13 11:26",100,100,40,80,80,100,80,80,80,60,80,100,NA,80,3271,"Yes"
"666","S8647179",4287,"T16","11/05/13 12:44",100,100,60,80,80,60,40,60,60,40,100,80,NA,80,2932,"Yes"
"667","S8647187",4347,"T12","13/05/13 9:31",100,100,100,100,80,100,60,60,60,60,100,80,NA,80,3236,"Yes"
"668","S8647219",4288,"T01","16/05/13 8:49",100,100,80,100,100,100,60,80,100,100,40,80,NA,80,3061,"Yes"
"669","S8647241",4267,"T10","16/05/13 11:17",100,100,80,80,100,80,60,80,80,60,60,80,NA,80,2974,"Yes"
"670","S8647255",3985,"T23","5/05/13 17:48",100,100,40,20,20,100,40,80,60,80,20,80,NA,60,2867,"Yes"
"672","S8647343",4299,"T05","16/05/13 11:26",80,100,80,80,100,80,80,80,80,80,80,100,NA,80,3050,"Yes"
"673","S8647373",4389,"T23","12/05/13 21:34",100,40,40,20,40,100,40,60,60,20,40,80,NA,60,3201,"No login"
"674","S8647463",4220,"T03","15/05/13 8:22",100,100,100,80,100,100,80,60,40,80,100,100,NA,80,2833,"Yes"
"676","S8647489",4273,"N/A","N/A",NA,NA,NA,NA,NA,NA,NA,NA,NA,NA,NA,NA,NA,NA,2805,"Yes"
"677","S8647489",4366,"T21","16/05/13 8:48",100,100,60,80,80,20,80,60,80,40,40,100,NA,80,2805,"Yes"
"678","S8647497",4100,"T10","12/05/13 15:15",100,100,60,80,100,80,80,80,80,100,100,100,NA,100,2872,"Yes"
"679","S8647529",3706,"T10","8/05/13 23:42",100,100,80,40,100,80,80,80,60,80,100,80,NA,80,3118,"Yes"
"680","S8647567",3689,"T18","8/05/13 13:21",80,100,40,20,60,80,40,60,60,60,60,60,NA,60,2857,"Yes"
"682","S8647619",4344,"T23","9/05/13 14:22",100,100,60,100,80,100,60,100,80,60,40,100,NA,80,3252,"Yes"
"683","S8647633",3918,"T22","8/05/13 12:08",100,100,80,100,80,80,80,100,100,100,60,100,NA,100,3148,"Yes"
"684","S8647659",3671,"T08","6/05/13 10:00",100,60,60,60,80,80,80,40,60,80,100,80,NA,80,3227,"Yes"
"685","S8647683",4206,"T01","12/05/13 21:42",100,100,100,40,100,100,80,60,100,100,100,80,NA,80,2839,"Yes"
"686","S8647691",3765,"T23","5/05/13 17:46",100,100,80,100,100,100,100,100,80,100,40,100,NA,100,3094,"Yes"
"687","S8647761",4258,"T01","12/05/13 21:42",100,100,100,40,100,100,80,80,100,100,100,80,NA,100,3246,"Yes"
"688","S8647783",4005,"T03","7/05/13 13:23",60,100,60,80,20,100,80,80,80,60,100,100,NA,80,3125,"Yes"
"689","S8647787",4193,"T05","16/05/13 11:26",100,100,100,100,80,100,80,60,100,80,60,100,NA,80,3229,"Yes"
"690","S8647793",5467,"N/A","N/A",NA,NA,NA,NA,NA,NA,NA,NA,NA,NA,NA,NA,NA,NA,2866,"Yes"
"691","S8647835",4229,"T01","12/05/13 21:42",100,100,80,100,80,100,80,80,100,80,80,100,NA,100,3230,"Yes"
"692","S8647837",3993,"T22","8/05/13 0:17",100,100,100,100,100,100,80,100,100,100,100,80,NA,100,3165,"Yes"
"693","S8647851",5372,"T10","21/05/13 13:12",100,100,80,100,100,100,60,80,80,80,100,100,NA,100,2905,"Yes"
"694","S8647867",3672,"T08","6/05/13 10:00",100,60,80,80,80,80,80,80,80,80,60,80,NA,80,3157,"Yes"
"695","S8647887",4071,"T15","12/05/13 16:53",100,100,100,100,100,100,100,80,100,80,100,100,NA,100,2912,"Yes"
"696","S8647935",4130,"T20","5/05/13 17:46",80,100,80,100,100,100,80,60,60,60,60,80,NA,80,3058,"Yes"
"697","S8647955",4297,"T10","9/05/13 0:07",100,100,60,100,80,80,80,80,80,60,60,80,NA,80,3264,"Yes"
"698","S8647969",3815,"T15","5/05/13 17:46",100,100,100,100,100,100,80,100,100,100,100,100,NA,100,2913,"Yes"
"699","S8648051",3756,"T10","8/05/13 23:42",100,40,80,80,100,80,60,80,80,40,20,80,NA,80,2838,"Yes"
"700","S8648141",4211,"T03","15/05/13 8:22",100,40,40,80,20,80,80,20,40,60,40,60,NA,60,2981,"Yes"
"701","S8648151",4109,"T19","13/05/13 16:27",100,100,100,100,80,100,80,80,80,100,100,80,NA,100,2878,"Yes"
"702","S8648211",4289,"T23","16/05/13 8:41",100,100,40,40,100,100,40,60,40,20,20,60,NA,60,3091,"No login"
"703","S8648247",4018,"T10","7/05/13 11:59",100,100,60,80,80,60,60,80,80,40,40,60,NA,80,3109,"Yes"
"704","S8648311",4157,"T25","13/05/13 17:36",100,100,100,100,100,100,100,80,80,80,100,100,NA,100,3187,"Yes"
"705","S8648355",4355,"T21","16/05/13 8:48",100,100,80,100,80,100,80,80,80,40,100,100,NA,80,3155,"Yes"
"706","S8648365",4197,"T22","12/05/13 16:53",80,100,100,100,100,100,80,100,100,100,100,100,NA,100,2826,"Yes"
"707","S8648409",4241,"T01","12/05/13 21:42",100,100,80,100,100,100,80,60,60,60,20,60,NA,80,3127,"Yes"
"708","S8648421",3794,"T21","6/05/13 9:52",100,100,80,80,100,100,100,80,80,100,100,100,NA,100,3082,"Yes"
"709","S8650901",4041,"T15","10/05/13 11:16",100,100,100,100,100,80,80,100,100,100,100,100,NA,100,3334,"Yes"
"710","S8651009",4196,"T05","16/05/13 11:26",100,100,100,100,100,100,80,60,100,80,40,100,NA,80,3333,"Yes"
"711","S8651041",4318,"T01","16/05/13 8:48",100,100,100,100,100,80,80,100,100,100,100,80,NA,100,3348,"Yes"
"712","S8651081",3945,"T03","7/05/13 13:23",80,80,60,100,60,80,60,40,40,60,40,80,NA,60,3329,"Yes"
"713","S8651395",3969,"T05","10/05/13 15:46",80,100,100,80,100,100,80,100,100,100,100,100,NA,100,3343,"Yes"
"714","S8651405",3844,"T23","5/05/13 17:46",100,60,60,20,100,100,100,80,80,100,100,80,NA,80,3341,"Yes"
"715","S8651471",4149,"T08","8/05/13 9:46",80,100,80,80,100,100,80,80,100,80,100,100,NA,100,3331,"Yes"
"716","S8651471",4394,"T23","12/05/13 21:34",80,100,100,20,100,100,60,100,80,100,100,100,NA,80,3331,"Yes"
"717","S8651479",4263,"T05","16/05/13 11:26",100,100,100,100,80,100,80,60,60,60,40,100,NA,80,3344,"Yes"
"719","S8651575",4188,"T15","15/05/13 8:22",100,100,100,80,100,100,80,80,80,80,100,80,NA,100,3336,"Yes"
"720","S8651587",3933,"T25","14/05/13 4:48",100,100,40,100,100,60,60,80,80,100,100,100,NA,80,3342,"Yes"
"721","S8651611",4180,"T03","19/05/13 16:04",100,100,60,80,20,20,60,60,60,60,100,80,NA,60,3347,"Yes"
"722","S8651611",4867,"N/A","N/A",NA,NA,NA,NA,NA,NA,NA,NA,NA,NA,NA,NA,NA,NA,3347,"Yes"
"723","S8651615",4341,"T21","16/05/13 8:48",100,100,100,80,80,100,100,100,100,100,100,100,NA,100,3332,"Yes"
"725","S8651665",3752,"T23","7/05/13 14:45",80,100,40,60,60,100,80,60,60,100,100,80,NA,80,3335,"Yes"
"726","S8651691",3701,"T05","9/05/13 9:56",100,100,40,20,60,60,60,60,60,80,60,100,NA,60,3338,"Yes"
"727","S8651721",4243,"T05","16/05/13 11:26",100,100,40,80,80,80,80,60,60,60,100,100,NA,80,3350,"Yes"
"728","S8651727",3751,"T25","14/05/13 4:48",60,100,60,80,80,60,60,80,80,60,100,80,NA,80,3330,"Yes"
"729","S8651733",4357,"T01","16/05/13 8:48",100,100,100,100,100,80,60,100,100,100,100,80,NA,100,3349,"Yes"
